0,CombatZoneResize,241,226,406,391,TLResume,,,
0,HeartTeleport,320,304,,,,,,
0,HeartMode,0,,,,,,,
0,TLPause,,,,,,,,
0,SansSweat,0,,,,,,,
0,sanstext,Ready for my             Special Attack?,,,,,,,
0,SET,I,0,,,,,,
0,SETHP,9999999999999,,,,,,
0.3,RND,Direction,4,,,,,,
0,ADD,Jump,$Direction,1,,,,,
0,JMPREL,$Jump,,,,,,,
0,JMPREL,4,,,,,,,
0,JMPREL,5,,,,,,,
0,JMPREL,6,,,,,,,
0,JMPREL,7,,,,,,,
0,SansBody,HandRight,,,,,,,
0,JMPREL,7,,,,,,,
0,SansBody,HandDown,,,,,,,
0,JMPREL,5,,,,,,,
0,SansBody,HandLeft,,,,,,,
0,JMPREL,3,,,,,,,
0,SansBody,HandUp,,,,,,,
0,JMPREL,1,,,,,,,
0.26666,SansSlam,$Direction,,,,,,,
0.2,BoneStab,$Direction,50,0.4,0,,,,
0,ADD,I,$I,1,,,,,
0,JMPL,8,$I,4,,,,,
0.5,HeartMode,0,,,,,,,
0,SansAnimation,Idle,,
0.05,BoneH,130,-10,200,1,300,2
0.05,BoneH,130,-10,200,1,300,2
0.05,BoneH,330,650,200,3,300,2
0.05,BoneH,130,-10,200,1,300,2
0.05,BoneH,330,650,200,3,300,2
0.05,BoneH,130,-10,200,1,300,2
0.05,BoneH,330,650,200,3,300,2
0.05,BoneH,130,-10,200,1,300,2
0.05,BoneH,330,650,200,3,300,2
0.05,BoneH,130,-10,200,1,300,1
0.05,BoneH,330,650,200,3,300,1
0.05,BoneH,130,-10,200,1,300,2
0.05,BoneH,330,650,200,3,300,2
0.05,BoneH,130,-10,200,1,300,2
0.05,BoneH,330,650,200,3,300,2
0.05,BoneH,130,-10,200,1,300,2
0.05,BoneH,330,650,200,3,300,2
0.05,BoneH,130,-10,200,1,300,2
0.05,BoneH,330,650,200,3,300,2
0.05,BoneH,130,-10,200,1,300,2
0.05,BoneH,130,-10,200,1,300,1
0.05,BoneH,330,650,200,3,300,1
0.05,BoneH,130,-10,200,1,300,2
0.05,BoneH,330,650,200,3,300,2
0.05,BoneH,130,-10,200,1,300,2
0.05,BoneH,330,650,200,3,300,2
0.05,BoneH,130,-10,200,1,300,2
0.05,BoneH,330,650,200,3,300,2
0.05,BoneH,130,-10,200,1,300,2
0.05,BoneH,130,-10,200,1,300,2
0.05,BoneH,330,650,200,3,300,1
0.05,BoneH,130,-10,200,1,300,1
0.05,BoneH,330,650,200,3,300,2
0.05,BoneH,130,-10,200,1,300,2
0.05,BoneH,130,-10,200,1,300,2
0.05,BoneH,330,650,200,3,300,2
0.05,BoneH,130,-10,200,1,300,2
0.05,BoneH,330,650,200,3,300,2
0.05,BoneH,130,-10,200,1,300,2
0.05,BoneH,330,650,200,3,300,2
0.05,BoneH,130,-10,200,1,300,2
0.05,BoneH,330,650,200,3,300,1
0.05,BoneH,130,-10,200,1,300,1
2,BlackScreen,1,,,,,,,
0,Sound,Flash,,,,,,,
0.13333,BlackScreen,0,,,,,,,
0,Sound,Flash,,,,,,,
0,CombatZoneResizeInstant,121,276,526,391,,,,
0,HeartMode,0,,,,,,,
0,HeartTeleport,320,294,,,,,,
0,BoneStab,1,35,0.1,99,,,,
0,Platform,320,344,25,0,100,1,
1.9,SansBody,HandDown,,,,,,,
0,SansSlam,1,,,,,,,
1,SansAnimation,Idle,,
0,BlackScreen,1,,,,,,,
0,Sound,Flash,,,,,,,
0.13333,BlackScreen,0,,,,,,,
0,Sound,Flash,,,,,,,
0,CombatZoneResizeInstant,121,276,526,391,,,,
0,HeartMode,0,,,,,,,
0,HeartTeleport,320,370,,,,,,
0,BoneStab,3,35,0.1,99,,,,
0,Platform,320,324,25,0,100,1,
1.9,SansBody,HandUp,,,,,,,
0,SansSlam,3,,,,,,,
1,SansAnimation,Idle,,
0,BlackScreen,1,,,,,,,
0,Sound,Flash,,,,,,,
0.13333,BlackScreen,0,,,,,,,
0,Sound,Flash,,,,,,,
0,HeartMode,0,,,,,,,
0.2,SansBody,HandUp,,,,,,,
0,SansSlam,3,,,,,,,
0.3,BoneStab,3,35,0.1,0.3,,,,
0.344,sansslam,1,,,,,,,
0,SansBody,HandDown,,,,,,,
0.3,BoneStab,1,35,0.2,0.2,,,,
0,SansBody,HandRight,,,,,,,
0,SansSlam,0,,,,,,,
0.3,BoneStab,0,35,0.23,0.2,,,,
0.5,GasterBlaster,0,0,0,600,390,180,0.1,0.3
0,GasterBlaster,0,0,0,600,370,180,0.1,0.3
0,GasterBlaster,0,0,0,600,350,180,0.1,0.3
0,GasterBlaster,0,0,0,600,330,180,0.1,0.3
0,GasterBlaster,0,0,0,600,320,180,0.1,0.3
1.3,SansBody,HandDown,,,,,,,
0,SansSlam,1,,,,,,,
0.3,BoneStab,1,35,0.1,0.3,,,,
0.344,sansslam,3,,,,,,,
0,SansBody,HandUp,,,,,,,
0.3,BoneStab,3,35,0.2,0.2,,,,
0.344,SansBody,HandLeft,,,,,,,
0,SansSlam,2,,,,,,,
0.6,BoneStab,2,35,0.23,0.2,,,,
0.5,GasterBlaster,0,0,0,600,260,180,0.1,0.3
0,GasterBlaster,0,0,0,600,280,180,0.1,0.3
0,GasterBlaster,0,0,0,600,300,180,0.1,0.3
0,GasterBlaster,0,0,0,600,320,180,0.1,0.3
0,GasterBlaster,0,0,0,600,340,180,0.1,0.3
1,BlackScreen,1,,,,,,,
0,Sound,Flash,,,,,,,
0.13333,BlackScreen,0,,,,,,,
0,Sound,Flash,,,,,,,
0,CombatZoneResize,121,186,526,391,,,,
0,HeartTeleport,286,230,,,,,,
0,HeartMode,1,,,,,,,
0,BoneStab,1,64,0,9999,,,,
0,Platform,246,270,43,0,80,1,
1.33333,BoneV,128,276,70,0,260,0
0,BoneV,128,156,90,0,260,0
0,BoneV,128,240,3000,0,260,2
0.33333,BoneV,128,266,70,0,260,0
0,BoneV,128,146,90,0,260,0
1.33333,BoneV,128,276,70,0,260,0
0,BoneV,128,156,90,0,260,0
0,BoneV,128,240,3000,0,260,2
0.33333,BoneV,128,256,70,0,260,0
0,BoneV,128,136,90,0,260,0
1.03333,BoneV,428,260,70,2,260,0
0,BoneV,428,150,90,2,260,0
0.53333,BoneV,428,260,70,2,260,0
0,BoneV,428,150,90,2,260,0
0.53333,BoneV,428,260,70,2,260,0
0,BoneV,428,150,90,2,260,0
1.9,BlackScreen,1,,,,,,,
0,sound,Slam,,,,,,,
0.08,BlackScreen,0,,,,,,,
0,BoneStab,1,64,0,9999,,,,
0,Platform,246,270,43,0,0,1,
0,Platform,346,270,43,0,0,1,
0,Platform,120,270,43,0,0,1,
0.4,GasterBlaster,1,0,0,126,66,90,0,0.5
0.9,GasterBlaster,1,0,0,246,66,90,0,0.5
0,GasterBlaster,1,0,0,346,66,90,0,0.4
0.5,GasterBlaster,1,0,0,126,66,90,0,0.5
0.9,GasterBlaster,1,0,0,246,66,90,0,0.5
0,GasterBlaster,1,0,0,346,66,90,0,0.4
0.3,GasterBlaster,0,0,240,320,240,0,0.5,0.3
0,GasterBlaster,0,640,240,320,240,180,0.5,0.3
0,GasterBlaster,0,320,0,320,240,90,0.5,0.3
0,GasterBlaster,0,320,480,320,240,270,0.5,0.3
0,GasterBlaster,0,0,0,320,240,45,0.5,0.3
0,GasterBlaster,0,640,0,320,240,135,0.5,0.3
0,GasterBlaster,0,640,480,320,240,225,0.5,0.3
0,GasterBlaster,0,0,480,320,240,315,0.5,0.3
0,GasterBlaster,0,160,0,320,240,60,0.5,0.3
0,GasterBlaster,0,480,480,320,240,240,0.5,0.3
1,sound,Slam,,,,,,,
0,Platform,126,310,43,0,50,1,
0.5,GasterBlaster,1,640,240,560,240,180,0.1,0.3
1,GasterBlaster,1,640,240,560,310,180,0.1,0.3
1,GasterBlaster,1,640,240,560,240,180,0.1,0.3
1,BlackScreen,1,,,,,,,
0,Sound,Flash,,,,,,,
0.13333,BlackScreen,0,,,,,,,
0,Sound,Flash,,,,,,,
0,CombatZoneResize,241,226,406,391,,,,
0,HeartTeleport,320,304,,,,,,
0.3,SansBody,HandLeft,,,,,,,
0,HeartMode,0,,,,,,,
0.2,SansSlam,2,,,,,,,
0.3,SansBody,HandRight,,,,,,,
0.2,HeartMaxFallSpeed,450,,,,,,,
0,SansSlam,0,,,,,,,
0,CombatZoneResizeInstant,241,226,449,391,,,,
0,CombatZoneSpeed,900,,,,,,,
0,CombatZoneResize,241,226,650,391,,,,
0.33333,HeartMaxFallSpeed,-300,,,,,,,
0,SansAnimation,Idle,,,,,,,
0,SansRepeat,,,,,,,,
0,CombatZoneResize,-10,226,650,391,,,,
0.3,CombatZoneSpeed,30,,,,,,,
0,CombatZoneResize,-10,264,650,369,,,,
0.9,GetHeartPos,HeartX,HeartY,,,,,,
0,HeartTeleport,40,$HeartY,,,,,,
0,HeartMaxFallSpeed,0,,,,,,,
0,SansSlam,0,,,,,,,
0,DIV,Deg,180,$pi,,,,,
0,SET,I,0,,,,,,
0,DIV,Ang,$I,2,,,,,
0,MUL,Ang,$Ang,$Deg,,,,,
0,SIN,Sine,$Ang,,,,,,
0,MUL,Sine,$Sine,28,,,,,
0,FLOOR,Sine,$Sine,,,,,,
0,MUL,X,$I,60,,,,,
0,ADD,X,$X,634,,,,,
0,SET,Y,270,,,,,,
0,ADD,H,30,$Sine,,,,,
0,BoneV,$X,$Y,$H,2,900,,,
0,ADD,Y,$Y,$H,,,,,
0,ADD,Y,$Y,34,,,,,
0,SUB,H,364,$Y,,,,,
0,BoneV,$X,$Y,$H,2,900,,,
0,ADD,I,$I,1,,,,,
0,JMPL,209,$I,44,,,,,
0,BoneStab,3,22,3.8,3,,,,
0,BoneStab,1,22,3.8,3,,,,
0,ADD,X,$X,360,,,,,
0,BoneVRepeat,$X,270,50,2,900,3,15,
0,ADD,X,$X,330,,,,,
0,BoneVRepeat,$X,314,50,2,900,3,15,
0,ADD,X,$X,300,,,,,
0,BoneVRepeat,$X,270,50,2,900,3,15,
0,ADD,X,$X,300,,,,,
0,BoneVRepeat,$X,314,50,2,900,3,15,
0,ADD,X,$X,270,,,,,
0,BoneVRepeat,$X,270,50,2,900,3,15,
0,ADD,X,$X,270,,,,,
0,BoneVRepeat,$X,314,50,2,900,3,15,
0,ADD,X,$X,240,,,,,
0,BoneVRepeat,$X,270,50,2,900,3,15,
0,ADD,X,$X,330,,,,,
0,BoneVRepeat,$X,314,50,2,900,3,15,
0,ADD,X,$X,270,,,,,
0,BoneVRepeat,$X,270,50,2,900,3,15,
0,ADD,X,$X,390,,,,,
6.2,GasterBlaster,0.7,640,286,560,286,180,0.5
0,GasterBlaster,0.7,640,286,560,313,180,0.5
0.8,GasterBlaster,0.7,640,286,560,313,180,0.5
0,GasterBlaster,0.7,640,346,560,346,180,0.5
0.8,GasterBlaster,0.7,640,286,560,286,180,0.5
0,GasterBlaster,0.7,640,286,560,313,180,0.5
0.8,GasterBlaster,0.7,640,286,560,313,180,0.5
0,GasterBlaster,0.7,640,346,560,346,180,0.5
0.8,GasterBlaster,0.7,640,286,560,286,180,0.5
0,GasterBlaster,0.7,640,286,560,313,180,0.5
0.8,GasterBlaster,0.7,640,286,560,313,180,0.5
0,GasterBlaster,0.7,640,346,560,346,180,0.5
0.8,GasterBlaster,0.7,640,286,560,286,180,0.5
0,GasterBlaster,0.7,640,286,560,313,180,0.5
0.8,GasterBlaster,0.7,640,286,560,313,180,0.5
0,GasterBlaster,0.7,640,346,560,346,180,0.5
0.8,GasterBlaster,0.7,640,286,560,286,180,0.5
0,GasterBlaster,0.7,640,286,560,313,180,0.5
0.8,GasterBlaster,0.7,640,286,560,313,180,0.5
0,GasterBlaster,0.7,640,346,560,346,180,0.5
1,GasterBlaster,0.7,640,286,560,286,180,0.5
0.4,GasterBlaster,0.7,640,346,560,346,180,0.01
0.4,GasterBlaster,0.7,640,286,560,313,180,0.01
0.4,GasterBlaster,0.7,640,286,560,286,180,0.01
0.4,GasterBlaster,0.7,640,346,560,346,180,0.01
0.4,GasterBlaster,0.7,640,286,560,313,180,0.01
0.4,GasterBlaster,0.7,640,286,560,286,180,0.01
0.4,GasterBlaster,0.7,640,346,560,346,180,0.01
0.4,GasterBlaster,0.7,640,286,560,313,180,0.01
0.4,GasterBlaster,0.7,640,286,560,286,180,0.01
0.4,GasterBlaster,0.7,640,346,560,346,180,0.01
0.4,GasterBlaster,0.7,640,286,560,313,180,0.01
0.4,GasterBlaster,0.7,640,286,560,286,180,0.01
0.4,GasterBlaster,0.7,640,346,560,346,180,0.01
0.4,GasterBlaster,0.7,640,286,560,313,180,0.01
1.7,bonev,700,371,5,2,900,,,
0,bonev,750,366,10,2,900,,,
0,bonev,800,361,15,2,900,,,
0,bonev,850,356,20,2,900,,,
0,bonev,900,351,25,2,900,,,
0,bonev,950,346,30,2,900,,,
0,bonev,1000,341,35,2,900,,,
0,bonev,1050,336,40,2,900,,,
0,bonev,1100,331,45,2,900,,,
0,bonev,1150,326,50,2,900,,,
0,bonev,1200,321,55,2,900,,,
0,bonev,1250,316,60,2,900,,,
0,bonev,700,241,5,2,900,,,
0,bonev,750,241,10,2,900,,,
0,bonev,800,241,15,2,900,,,
0,bonev,850,241,20,2,900,,,
0,bonev,900,241,25,2,900,,,
0,bonev,950,241,30,2,900,,,
0,bonev,1000,241,35,2,900,,,
0,bonev,1050,241,40,2,900,,,
0,bonev,1100,241,45,2,900,,,
0,bonev,1150,241,50,2,900,,,
0,bonev,1200,241,55,2,900,,,
0,bonev,1250,241,60,2,900,,,
1,HeartMaxFallSpeed,330,,,,,,,
0,SansSlam,0,,,,,,,
0,CombatZoneSpeed,540,,,,,,,
0,CombatZoneResize,-10,264,410,369,,,,
0.9,SansEndRepeat,,,,,,,,
0,SansHead,Default,,,,,,,
0,SansTorso,Default,,,,,,,
0,SansBody,HandLeft,,,,,,,
0.2,BoneStab,0,50,0.4,1,,,,
0,GasterBlaster,0,0,0,285,222,90,0,1
0.9,BlackScreen,1,,,,,,,
0,Sound,Flash,,,,,,,
0.4,BlackScreen,0,,,,,,,
0,Sound,Flash,,,,,,,
0,CombatZoneResizeInstant,239,226,404,391,,,,
0.,BlackScreen,1,,,,,,,
0,Sound,Flash,,,,,,,
0.1,BlackScreen,0,,,,,,,
0,Sound,Flash,,,,,,,
0,SansSlam,2,,
0.5,SansBody,HandRight,,
0,SineBones,15,20,300,40
1.4,HeartMode,0,,,,
0,Sound,Ding,,,,,,,
0.7,SineBones,15,20,300,40
0,SineBones,15,-20,300,40
0,CombatZoneResize,241,226,406,391,TLResume,,,
0,HeartTeleport,320,304,,,,,,
0,HeartMode,0,,,,,,,
0,TLPause,,,,,,,,
0,SansSweat,1,,,,,,,
0,sanshead,noeyes,,,,,,,
0.4,sansbody,handup,,,,,,,
0,sansslam,3,,,,,,,
0,GasterBlaster,1,0,0,189,246,0,0.2,0.27
0.4,SansAnimation,Idle,,,,,,,
0.4,sansbody,handleft,,,,,,,
0,sansslam,2,,,,,,,
0,GasterBlaster,1,0,0,259,166,90,0.2,0.27
0.4,SansAnimation,Idle,,,,,,,
0.4,sansbody,handdown,,,,,,,
0,sansslam,1,,,,,,,
0,GasterBlaster,1,640,480,449,366,180,0.2,0.27
0.4,SansAnimation,Idle,,,,,,,
0.4,sansbody,handright,,,,,,,
0,sansslam,0,,,,,,,
0,GasterBlaster,1,640,480,379,446,270,0.2,0.27
0.4,SansAnimation,Idle,,,,,,,
0,BoneHRepeat,130,-10,200,1,300,5,183,
0,BoneHRepeat,330,650,200,3,300,5,183,
0.2,HeartMode,0,,,,,,,
0,sound,ding,,,,,,,
0,SansSweat,2,,,,,,,
0,sanshead,Tired1,,,,,,,
4.6,sansbody,handleft,,,,,,,
0,sansslam,2,,,,,,,
0,GasterBlaster,1,0,0,259,166,90,0.2,0.27
0.4,SansAnimation,Idle,,,,,,,
0.3,SansBody,HandRight,,,,,,,
0.2,HeartMaxFallSpeed,450,,,,,,,
0,SansSlam,0,,,,,,,
0,CombatZoneResizeInstant,241,226,449,391,,,,
0,CombatZoneSpeed,900,,,,,,,
0,CombatZoneResize,241,226,650,391,,,,
0.33333,HeartMaxFallSpeed,-300,,,,,,,
0,SansAnimation,Idle,,,,,,,
0,CombatZoneResize,-10,226,650,391,,,,
0.3,CombatZoneSpeed,30,,,,,,,
0,CombatZoneResize,-10,226,650,391,,,,
0.9,GetHeartPos,HeartX,HeartY,,,,,,
0,HeartTeleport,140,$HeartY,,,,,,
0,HeartMaxFallSpeed,0,,,,,,,
0,SansSlam,0,,,,,,,
0,SansRepeat,,,,,,,,
0,SineBones,50,24,300,25,,,,
1.6,SansendRepeat,,,,,,,,
4,BoneVRepeat,820,226,100,2,300,4,340,
0,BoneVRepeat,650,291,100,2,300,4,340,
1,GasterBlaster,0,660,270,406,256,180,0,0.2
0,GasterBlaster,0,660,356,406,361,180,0,0.2
1,GasterBlaster,0,660,270,406,256,180,0,0.2
0,GasterBlaster,0,660,356,406,361,180,0,0.2
1,GasterBlaster,0,660,270,406,256,180,0,0.2
0,GasterBlaster,0,660,356,406,361,180,0,0.2
1,GasterBlaster,0,660,270,406,256,180,0,0.2
0,GasterBlaster,0,660,$ulb,406,$ulb,180,0,0.2
0.4,JMPNZ,64,$Loop,,,,,,
0.4,bonev,660,226,160,2,300,2,,
0.4,bonev,660,226,160,2,300,2,,
0.4,bonev,660,226,160,2,300,2,,
2,HeartMaxFallSpeed,330,,,,,,,
0,SansSlam,0,,,,,,,
0,CombatZoneSpeed,540,,,,,,,
0,CombatZoneResize,-10,226,406,391,,,,
0,SansRepeat,,,,,,,,
1.2,SansEndRepeat,,,,,,,,
0,SansHead,Tired1,,,,,,,
0,SansTorso,Default,,,,,,,
0,SansBody,HandLeft,,,,,,,
0,GasterBlaster,1,640,480,379,446,270,0.2,1
1,BlackScreen,1,,,,,,,
0,Sound,Flash,,,,,,,
0,sansx,320,,,,,,,
0,sanshead,ClosedEyes,,,,,,,
0,SansSweat,3,,,,,,,
0.4,BlackScreen,0,,,,,,,
0,CombatZoneResizeinstant,241,226,406,391,,,,
0,HeartTeleport,320,304,,,,,,
0,HeartMode,0,,,,,,,
0.4,sansbody,handleft,,,,,,,
0,sansslam,2,,,,,,,
0,GasterBlaster,1,0,0,259,166,90,0.2,0.27
0.4,SansAnimation,Idle,,,,,,,
0.4,sansbody,handright,,,,,,,
0,sansslam,0,,,,,,,
0,GasterBlaster,1,640,480,379,446,270,0.2,0.27
0.4,SansAnimation,Idle,,,,,,,
0.4,sansbody,handup,,,,,,,
0,sansslam,3,,,,,,,
0,GasterBlaster,1,0,0,189,246,0,0.2,0.27
0,GasterBlaster,1,320,480,320,491,270,0.2,0.27
0.4,SansAnimation,Idle,,,,,,,
0.4,sansbody,handdown,,,,,,,
0,sansslam,1,,,,,,,
0,GasterBlaster,1,640,480,449,366,180,0.2,0.27
0.4,SansAnimation,Idle,,,,,,,
0.4,sound,ding,,,,,,,
0,sanshead,noeyes,,,,,,,
0,HeartMode,0,,,,,,,
0,SET,gt,0,,,,,,
0,SET,gin,1,,,,,,
0,MUL,Ang,$gt,-10,,,,,
0,COS,X,$Ang,,,,,,
0,SIN,Y,$Ang,,,,,,
0,MUL,EndX,$X,150,,,,,
0,MUL,EndY,$Y,150,,,,,
0,MUL,X,$EndX,3,,,,,
0,MUL,Y,$EndY,3,,,,,
0,ADD,X,$X,320,,,,,
0,ADD,Y,$Y,306,,,,,
0,ADD,EndX,$EndX,320,,,,,
0,ADD,EndY,$EndY,306,,,,,
0,ADD,Ang,$Ang,180,,,,,
0,GasterBlaster,0,$X,$Y,$EndX,$EndY,$Ang,0.5,0.35
0,ADD,gt,$gt,$gin,,,,,
0,JMPNL,129,$gin,1.3,,,,,
0,ADD,gin,$gin,0.015,,,,,
0.06666,JMPL,113,$gt,210,,,,,
0,DamagePlayer,N,,,,,,,
0.4,SET,Loop,21,,,,,,
0,SUB,Loop,$Loop,1,,,,,
0,GetHeartPos,HeartX,HeartY,,,,,,
0,rnd,��ʼ����x,640,,,,,,
0,rnd,��ʼ����y,480,,,,,,
0,rnd,��������x,640,,,,,,
0,rnd,��������y,480,,,,,,
0,ANGLE,Ang,$��������x,$��������y,$HeartX,$HeartY,,,
0,gasterblaster,0,$��ʼ����x,$��ʼ����y,$��������x,$��������y,$Ang,0.1,0.1
0.1,JMPNZ,132,$Loop,,,,,,
0,BoneStab,0,30,0,999,,,,
0,BoneStab,1,30,0,999,,,,
0,BoneStab,2,30,0,999,,,,
0,BoneStab,3,30,0,999,,,,
0,SansHead,BlueEye,,,,,,,
0,HeartMaxFallSpeed,750,,,,,,,
0.4,SET,Loop,21,,,,,,
0,SUB,Loop,$Loop,1,,,,,
0,GetHeartPos,HeartX,HeartY,,,,,,
0,rnd,��ʼ����x,640,,,,,,
0,rnd,��ʼ����y,480,,,,,,
0,rnd,��������x,640,,,,,,
0,rnd,��������y,480,,,,,,
0,ANGLE,Ang,$��������x,$��������y,$HeartX,$HeartY,,,
0,gasterblaster,1,$��ʼ����x,$��ʼ����y,$��������x,$��������y,$Ang,0.4,0.1
0,rnd,sb,4,,,,,,
0,jmpe,164,$sb,1,,,,,
0,jmpe,168,$sb,2,,,,,
0,jmpe,172,$sb,3,,,,,
0,SansSlam,0,,,,,,,
0,sansbody,handright,,,,,,,
0,jmpabs,175,,,,,,,
,,,,,,,,,
0,SansSlam,2,,,,,,,
0,sansbody,handleft,,,,,,,
0,jmpabs,175,,,,,,,
,,,,,,,,,
0,SansSlam,3,,,,,,,
0,sansbody,handup,,,,,,,
0,jmpabs,175,,,,,,,
,,,,,,,,,
0,SansSlam,1,,,,,,,
0,sansbody,handdown,,,,,,,
0,jmpabs,175,,,,,,,
0,SETHP,130,,,,,,,
0,HeartMode,0,,,,,,,
0,CombatZoneResize,241,226,406,391,TLResume,,,
0,HeartTeleport,320,304,,,,,,
0,TLPause,,,,,,,,
0,GasterBlaster,1,0,0,191,306,0,0.3,0.1
0,GasterBlaster,1,0,0,321,166,90,0.3,0.1
0,GasterBlaster,1,0,0,449,306,180,0.3,0.1
0,GasterBlaster,1,0,0,321,446,270,0.3,0.1
0.5,GasterBlaster,1,0,0,191,176,45,0.3,0.1
0,GasterBlaster,1,0,0,451,176,135,0.3,0.1
0,GasterBlaster,1,0,0,451,436,225,0.3,0.1
0,GasterBlaster,1,0,0,191,436,315,0.3,0.1
0.7,GasterBlaster,1,0,0,191,246,0,0.3,0.1
0,GasterBlaster,1,0,0,259,166,90,0.3,0.1
0,GasterBlaster,1,0,0,449,366,180,0.3,0.1
0,GasterBlaster,1,0,0,379,446,270,0.3,0.1
1.5,BlackScreen,1,,,,,,,
0,Sound,Flash,,,,,,,
0.6666,BlackScreen,0,,,,,,,
0,Sound,Flash,,,,,,,
0,CombatZoneResizeInstant,121,276,526,391,TLResume,,,
0,HeartMode,1,,,,,,,
0,HeartTeleport,320,376,,,,,,
0,BoneVRepeat,128,341,45,0,350,4,16,
0,BoneVRepeat,512,341,45,2,350,4,16,
0.1,GasterBlaster,0,0,0,320,215,90,0.1,1.6
0.06,GasterBlaster,0,0,0,330,215,90,0,1.6
0.06,GasterBlaster,0,0,0,310,215,90,0,1.5
0,GasterBlaster,0,0,0,340,215,90,0,1.5
0.06,GasterBlaster,0,0,0,300,215,90,0,1.4
0,GasterBlaster,0,0,0,350,215,90,0,1.4
0.06,GasterBlaster,0,0,0,290,215,90,0,1.3
0,GasterBlaster,0,0,0,360,215,90,0,1.3
0.06,GasterBlaster,0,0,0,280,215,90,0,1.2
0,GasterBlaster,0,0,0,370,215,90,0,1.2
0.06,GasterBlaster,0,0,0,270,215,90,0,1.1
0,GasterBlaster,0,0,0,380,215,90,0,1.1
0.06,GasterBlaster,0,0,0,260,215,90,0,1
0,GasterBlaster,0,0,0,390,215,90,0,1
0.06,GasterBlaster,0,0,0,250,215,90,0,0.9
0,GasterBlaster,0,0,0,400,215,90,0,0.9
0.06,GasterBlaster,0,0,0,240,215,90,0,0.8
0,GasterBlaster,0,0,0,410,215,90,0,0.8
0.06,GasterBlaster,0,0,0,230,215,90,0,0.7
0,GasterBlaster,0,0,0,420,215,90,0,0.7
0.06,GasterBlaster,0,0,0,220,215,90,0,0.6
0,GasterBlaster,0,0,0,430,215,90,0,0.6
0.06,GasterBlaster,0,0,0,210,215,90,0,0.5
0,GasterBlaster,0,0,0,440,215,90,0,0.5
0.06,GasterBlaster,0,0,0,200,215,90,0,0.4
0,GasterBlaster,0,0,0,450,215,90,0,0.4
0.06,GasterBlaster,0,0,0,190,215,90,0,0.3
0,GasterBlaster,0,0,0,460,215,90,0,0.3
0.06,GasterBlaster,0,0,0,180,215,90,0,0.2
0,GasterBlaster,0,0,0,470,215,90,0,0.2
0.06,GasterBlaster,0,0,0,170,215,90,0,0.1
0,GasterBlaster,0,0,0,480,215,90,0,0.1
0.06,GasterBlaster,0,0,0,160,215,90,0,0
0,GasterBlaster,0,0,0,490,215,90,0,0
0.2,GasterBlaster,1,0,0,70,365,0,0.3,0.1
0,GasterBlaster,1,0,0,596,365,180,0.3,0.1
1,BlackScreen,1,,,,,,,
0,Sound,Flash,,,,,,,
0.6666,BlackScreen,0,,,,,,,
0,Sound,Flash,,,,,,,
0,CombatZoneResizeInstant,241,226,406,391,TLResume,,,
0,HeartMode,0,,,,,,,
0,HeartTeleport,320,304,,,,,,
0.2,SansBody,HandLeft,,,,,,,
0.2,SansSlam,2,,,,,,,
0,GasterBlaster,1,0,0,325,166,90,0.1,0
0,BoneStab,2,29,0.4,0,,,,
0.3,SansBody,HandDown,,,,,,,
0.2,SansSlam,1,,,,,,,
0,GasterBlaster,1,0,0,166,315,0,0.1,0
0,BoneStab,1,29,0.4,0,,,,
0.3,SansBody,HandRight,,,,,,,
0.2,SansSlam,0,,,,,,,
0,GasterBlaster,1,0,0,315,166,90,0.1,0
0,BoneStab,0,29,0.4,0,,,,
0.3,SansBody,HandUp,,,,,,,
0.2,SansSlam,3,,,,,,,
0,GasterBlaster,1,0,0,166,325,0,0.1,0
0,BoneStab,3,29,0.4,0,,,,
0,SansAnimation,Idle,,,,,,,
0.5,HeartMode,0,,,,,,,
0.3,GasterBlaster,1,0,0,170,300,0,0.3,0.1
0,GasterBlaster,1,0,0,170,350,0,0.3,0.1
0,GasterBlaster,1,0,0,300,170,90,0.3,0.1
0,GasterBlaster,1,0,0,350,170,90,0.3,0.1
0.7,GasterBlaster,1,0,0,191,246,0,0.3,0.1
0,GasterBlaster,1,0,0,259,166,90,0.3,0.1
0,GasterBlaster,1,0,0,449,366,180,0.3,0.1
0,GasterBlaster,1,0,0,379,446,270,0.3,0.1
2,SansHead,Default,,
0.5,BlackScreen,1,,,,,,,
0,HeartTeleport,310,320,,,,,,
0,HeartMode,0,,
0,SansRepeat,,,,,,,,
0.3,CombatZoneSpeed,30,,,,,,,
0.9,GetHeartPos,HeartX,HeartY,,,,,,
0,HeartMaxFallSpeed,0,,,,,,,
0.6666,BlackScreen,0,,,,,,,
0,CombatZoneResizeInstant,-10,264,650,391,,,,
0,HeartTeleport,40,$HeartY,,,,,,
0,SansSlam,0,,,,,,,
0,GasterBlaster,0,0,0,600,280,180,0.1,0.5
0.1,GasterBlaster,0,0,0,600,300,180,0.1,0.4
0.1,GasterBlaster,0,0,0,600,320,180,0.1,0.3
0.1,GasterBlaster,0,0,0,600,340,180,0.1,0.2
0.1,GasterBlaster,0,0,0,600,360,180,0.1,0.1
0.6,GasterBlaster,0,0,0,600,370,180,0.1,0.5
0.1,GasterBlaster,0,0,0,600,350,180,0.1,0.4
0.1,GasterBlaster,0,0,0,600,330,180,0.1,0.3
0.1,GasterBlaster,0,0,0,600,310,180,0.1,0.2
0.1,GasterBlaster,0,0,0,600,300,180,0.1,0.1
0.5,BoneVRepeat,600,341,85,2,600,5,16,
0,GasterBlaster,0,0,0,600,310,180,0.4,0.1
0.3,BoneVRepeat,600,241,85,2,600,5,16,
0.2,GasterBlaster,0,0,0,600,360,180,0.4,0.1
0.3,BoneVRepeat,600,341,85,2,600,5,16,
0.2,GasterBlaster,0,0,0,600,310,180,0.4,0.1
0.3,BoneVRepeat,600,241,85,2,600,5,16,
0.2,GasterBlaster,0,0,0,600,360,180,0.4,0.1
0.3,BoneVRepeat,600,341,85,2,600,5,16,
0.2,GasterBlaster,0,0,0,600,310,180,0.4,0.1
0.3,BoneVRepeat,600,241,85,2,600,5,16,
0.2,GasterBlaster,0,0,0,600,360,180,0.4,0.1
0.6,GasterBlaster,1,0,0,180,215,135,0,0.1
0.6,GasterBlaster,1,0,0,180,415,225,0,0.1
0.6,GasterBlaster,1,0,0,180,215,135,0,0.1
0.6,GasterBlaster,1,0,0,180,415,225,0,0.1
0.5,GasterBlaster,1,0,0,600,325,180,0.1,0.1
0.5,CombatZoneSpeed,540,,,,,,,
0.5,HeartMaxFallSpeed,330,,,,,,,
0,SansSlam,0,,,,,,,
0,CombatZoneResize,-10,264,410,391,,,,
0.8,GasterBlaster,1,640,480,370,226,90,0.2,0.1
0,GasterBlaster,1,640,480,370,426,270,0.2,0.1
0,SansEndRepeat,,,,,,,,
0.1,SansAnimation,Idle,,,,,,,
0,SansHead,Default,,,,,,,
0,SansX,320,,,,,,,
1.8,BlackScreen,1,,,,,,,
0,Sound,Flash,,,,,,,
0.4,BlackScreen,0,,,,,,,
0,Sound,Flash,,,,,,,
0,SansTorso,Default,,,,,,,
0,HeartTeleport,310,320,,,,,,
0,CombatZoneResizeInstant,289,300,341,351,,,,
0,HeartMode,0,,
0,SansHead,Default,,,,,,,
0,BoneStab,0,20,1,0.2
0.3,BoneStab,1,20,1,0.2
0.8,BoneStab,2,20,0.8,0.2
0.7,BoneStab,3,20,0.7,0.2
0.7,BoneStab,1,20,0.7,0.2
0.4,BoneStab,2,20,0.8,0.2
0.9,BoneStab,3,20,0.7,0.2
0.4,BoneStab,0,20,0.8,0.2
0,BoneStab,0,20,1,0.2
0.3,BoneStab,1,20,1,0.2
0.8,BoneStab,2,20,0.8,0.2
0.7,BoneStab,3,20,0.7,0.2
0.7,BoneStab,1,20,0.7,0.2
0.4,BoneStab,2,20,0.8,0.2
0.9,BoneStab,3,20,0.7,0.2
0.4,BoneStab,0,20,0.8,0.2 
1.8,BlackScreen,1,,,,,,,
0,Sound,Flash,,,,,,,
0.4,BlackScreen,0,,,,,,,
0,Sound,Flash,,,,,,,
0,CombatZoneResizeInstant,251,251,391,391,,,,
0,HeartTeleport,320,320,,,,,,
0,HeartMode,0,,,,,,,
0,SansAnimation,Idle,,,,,,,
0,SansSweat,1,,,,,,,
0,SansHead,Wink,,,,,,,
0,SansHead,Default,,,,,,,
0.2,GasterBlaster,1,0,0,280,170,90,0.3,0
0,GasterBlaster,1,0,0,330,170,90,0.3,0
0,GasterBlaster,1,0,0,170,280,0,0.3,0
0,GasterBlaster,1,0,0,170,330,0,0.3,0
0.5,GasterBlaster,0,0,0,170,370,0,0.1,0
0,GasterBlaster,0,0,0,370,170,90,0.1,0
0.1,GasterBlaster,0,0,0,170,360,0,0.1,0
0,GasterBlaster,0,0,0,360,170,90,0.1,0
0.1,GasterBlaster,0,0,0,170,350,0,0.1,0
0,GasterBlaster,0,0,0,350,170,90,0.1,0
0.1,GasterBlaster,0,0,0,170,340,0,0.1,0
0,GasterBlaster,0,0,0,340,170,90,0.1,0
0.1,GasterBlaster,0,0,0,170,330,0,0.1,0
0,GasterBlaster,0,0,0,330,170,90,0.1,0
0.1,GasterBlaster,0,0,0,170,320,0,0.1,0
0,GasterBlaster,0,0,0,320,170,90,0.1,0
0.1,GasterBlaster,0,0,0,170,310,0,0.1,0
0,GasterBlaster,0,0,0,310,170,90,0.1,0
0.1,GasterBlaster,0,0,0,170,300,0,0.1,0
0,GasterBlaster,0,0,0,300,170,90,0.1,0
0.1,GasterBlaster,0,0,0,170,290,0,0.1,0
0,GasterBlaster,0,0,0,290,170,90,0.1,0
0.1,GasterBlaster,0,0,0,170,280,0,0.1,0
0,GasterBlaster,0,0,0,280,170,90,0.1,0
0.45,GasterBlaster,0,0,0,440,260,180,0.1,0
0,GasterBlaster,0,0,0,440,270,180,0.1,0
0.1,GasterBlaster,0,0,0,440,280,180,0.1,0
0,GasterBlaster,0,0,0,440,290,180,0.1,0
0.1,GasterBlaster,0,0,0,440,300,180,0.1,0
0,GasterBlaster,0,0,0,440,310,180,0.1,0
0.1,GasterBlaster,0,0,0,440,320,180,0.1,0
0,GasterBlaster,0,0,0,440,330,180,0.1,0
0.1,GasterBlaster,0,0,0,440,340,180,0.1,0
0,GasterBlaster,0,0,0,440,350,180,0.1,0
0.1,GasterBlaster,0,0,0,440,360,180,0.1,0
0.45,GasterBlaster,0,0,0,260,440,270,0.1,0
0.1,GasterBlaster,0,0,0,270,440,270,0.1,0
0,GasterBlaster,0,0,0,280,440,270,0.1,0
0.1,GasterBlaster,0,0,0,290,440,270,0.1,0
0,GasterBlaster,0,0,0,300,440,270,0.1,0
0.1,GasterBlaster,0,0,0,310,440,270,0.1,0
0,GasterBlaster,0,0,0,320,440,270,0.1,0
0.1,GasterBlaster,0,0,0,330,440,270,0.1,0
0,GasterBlaster,0,0,0,340,440,270,0.1,0
0.1,GasterBlaster,0,0,0,350,440,270,0.1,0
0,GasterBlaster,0,0,0,360,440,270,0.1,0
0.45,GasterBlaster,0,0,0,440,370,180,0.1,0
0.1,GasterBlaster,0,0,0,440,360,180,0.1,0
0,GasterBlaster,0,0,0,440,350,180,0.1,0
0.1,GasterBlaster,0,0,0,440,340,180,0.1,0
0,GasterBlaster,0,0,0,440,330,180,0.1,0
0.1,GasterBlaster,0,0,0,440,320,180,0.1,0
0,GasterBlaster,0,0,0,440,310,180,0.1,0
0.1,GasterBlaster,0,0,0,440,300,180,0.1,0
0,GasterBlaster,0,0,0,440,290,180,0.1,0
0.1,GasterBlaster,0,0,0,440,280,180,0.1,0
0.45,GasterBlaster,0,0,0,370,170,90,0.1,1
0.1,GasterBlaster,0,0,0,360,170,90,0.1,1
0,GasterBlaster,0,0,0,350,170,90,0.1,1
0.1,GasterBlaster,0,0,0,340,170,90,0.1,1
0.1,GasterBlaster,0,0,0,290,170,90,0.1,1
0,GasterBlaster,0,0,0,280,170,90,0.1,0.1
0,GasterBlaster,0,0,0,270,170,90,0.1,0.1
0,GasterBlaster,0,0,0,260,170,90,0.1,0.1
0.5,GasterBlaster,0,0,0,170,260,0,0.1,0
0.1,GasterBlaster,0,0,0,170,270,0,0.1,0
0,GasterBlaster,0,0,0,170,280,0,0.1,0
0.1,GasterBlaster,0,0,0,170,290,0,0.1,0
0.1,SansBody,HandDown,,,,,,,
0,HeartMaxFallSpeed,600,,,,,,,
0.1,SansSlam,1,,,,,,,
0.2,BoneStab,1,29,0.4,0.1,,,,
0,SansAnimation,Idle,,,,,,,
0.6,HeartMode,0,,,,,,,
0,SansSweat,2,,,,,,,
0.2,GasterBlaster,1,0,0,321,166,90,0,0
0.125,GasterBlaster,1,0,0,256,171,67.5,0,0
0.125,GasterBlaster,1,0,0,191,176,45,0,0
0.125,GasterBlaster,1,0,0,186,241,22.5,0,0
0.125,GasterBlaster,1,0,0,181,306,0,0,0
0.125,GasterBlaster,1,0,0,186,371,337.5,0,0
0.125,GasterBlaster,1,0,0,191,436,315,0,0
0.125,GasterBlaster,1,0,0,256,443.5,292.5,0,0
0.125,GasterBlaster,1,0,0,321,451,270,0,0
0.125,GasterBlaster,1,0,0,386,443.5,247.5,0,0
0.125,GasterBlaster,1,0,0,451,436,225,0,0
0.125,GasterBlaster,1,0,0,450,371,202.5,0,0
0.125,GasterBlaster,1,0,0,449,306,180,0,0
0.125,GasterBlaster,1,0,0,450,241,157.5,0,0
0.125,GasterBlaster,1,0,0,451,176,135,0,0
0.125,GasterBlaster,1,0,0,386,171,112.5,0,0
0.125,GasterBlaster,1,0,0,321,166,90,0,0
0.125,GasterBlaster,1,0,0,256,171,67.5,0,0
0.125,GasterBlaster,1,0,0,191,176,45,0,0
0.125,GasterBlaster,1,0,0,186,241,22.5,0,0
0.125,GasterBlaster,1,0,0,181,306,0,0,0
0.125,GasterBlaster,1,0,0,186,371,337.5,0,0
0.125,GasterBlaster,1,0,0,191,436,315,0,0
0.125,GasterBlaster,1,0,0,256,443.5,292.5,0,0
0.125,GasterBlaster,1,0,0,321,451,270,0,0
0.125,GasterBlaster,1,0,0,386,443.5,247.5,0,0
0.125,GasterBlaster,1,0,0,451,436,225,0,0
0.125,GasterBlaster,1,0,0,450,371,202.5,0,0
0.125,GasterBlaster,1,0,0,449,306,180,0,0
0.125,GasterBlaster,1,0,0,450,241,157.5,0,0
0.125,GasterBlaster,1,0,0,451,176,135,0,0
0.125,GasterBlaster,1,0,0,386,171,112.5,0,0
0.125,GasterBlaster,1,0,0,321,166,90,0,0
0.125,GasterBlaster,1,0,0,256,171,67.5,0,0
0.125,GasterBlaster,1,0,0,191,176,45,0,0
0.125,GasterBlaster,1,0,0,186,241,22.5,0,0
0.125,GasterBlaster,2,0,0,170,320,0,0.4,0.1
0,GasterBlaster,2,0,0,570,320,180,0.4,0.1
0,SansSweat,3,,,,,,,
1.2,GasterBlaster,1,0,0,256,171,67.5,0.3,0
0,GasterBlaster,1,0,0,191,176,45,0.3,0
0,GasterBlaster,1,0,0,186,241,22.5,0.3,0
0.7,GasterBlaster,1,0,0,186,371,337.5,0.3,0
0,GasterBlaster,1,0,0,191,436,315,0.3,0
0,GasterBlaster,1,0,0,256,443.5,292.5,0.3,0
0.7,GasterBlaster,1,0,0,450,371,202.5,0.3,0
0,GasterBlaster,1,0,0,449,306,180,0.3,0
0,GasterBlaster,1,0,0,450,241,157.5,0.3,0
0.7,GasterBlaster,1,0,0,386,171,112.5,0.3,0
0,GasterBlaster,1,0,0,321,166,90,0.3,0
0,GasterBlaster,1,0,0,256,171,67.5,0.3,0
0.7,GasterBlaster,1,0,0,386,443.5,247.5,0.3,0
0,GasterBlaster,1,0,0,451,436,225,0.3,0
0,GasterBlaster,1,0,0,450,371,202.5,0.3,0
0.7,GasterBlaster,1,0,0,450,371,202.5,0,0
0,GasterBlaster,1,0,0,449,306,180,0,0
0,GasterBlaster,1,0,0,450,241,157.5,0,0
0.8,GasterBlaster,1,0,0,449,306,180,0,0
0.125,GasterBlaster,1,0,0,450,371,202.5,0,0
0.125,GasterBlaster,1,0,0,451,436,225,0,0
0.125,GasterBlaster,1,0,0,386,443.5,247.5,0,0
0.125,GasterBlaster,1,0,0,321,451,270,0,0
0.125,GasterBlaster,1,0,0,256,443.5,292.5,0,0
0.125,GasterBlaster,1,0,0,191,436,315,0,0
0.125,GasterBlaster,1,0,0,186,371,337.5,0,0
0.125,GasterBlaster,1,0,0,181,306,0,0,0
0.125,GasterBlaster,1,0,0,186,241,22.5,0,0
0.125,GasterBlaster,1,0,0,191,176,45,0,0
0.125,GasterBlaster,1,0,0,256,171,67.5,0,0
0.125,GasterBlaster,1,0,0,321,166,90,0,0
0.125,GasterBlaster,1,0,0,386,171,112.5,0,0
0.125,GasterBlaster,1,0,0,451,176,135,0,0
0.125,GasterBlaster,1,0,0,450,241,157.5,0,0
0.125,GasterBlaster,1,0,0,449,306,180,0,0
0.125,GasterBlaster,1,0,0,450,371,202.5,0,0
0.125,GasterBlaster,1,0,0,451,436,225,0,0
0.125,GasterBlaster,1,0,0,386,443.5,247.5,0,0
0.125,GasterBlaster,1,0,0,321,451,270,0,0
0.125,GasterBlaster,1,0,0,256,443.5,292.5,0,0
0.125,GasterBlaster,1,0,0,191,436,315,0,0
0.125,GasterBlaster,1,0,0,186,371,337.5,0,0
0.125,GasterBlaster,1,0,0,181,306,0,0,0
0.125,GasterBlaster,1,0,0,186,241,22.5,0,0
0.125,GasterBlaster,1,0,0,191,176,45,0,0
0.125,GasterBlaster,1,0,0,256,171,67.5,0,0
0.125,GasterBlaster,1,0,0,321,166,90,0,0
0.125,GasterBlaster,1,0,0,386,171,112.5,0,0
0.125,GasterBlaster,1,0,0,451,176,135,0,0
0.125,GasterBlaster,1,0,0,450,241,157.5,0,0
0.125,GasterBlaster,1,0,0,449,306,180,0,0
0.3,GasterBlaster,1,0,0,181,306,0,0,0
0.125,GasterBlaster,1,0,0,186,371,337.5,0,0
0.125,GasterBlaster,1,0,0,191,436,315,0,0
0.125,GasterBlaster,1,0,0,256,443.5,292.5,0,0
0.125,GasterBlaster,1,0,0,321,451,270,0,0
0.125,GasterBlaster,1,0,0,386,443.5,247.5,0,0
0.125,GasterBlaster,1,0,0,451,436,225,0,0
0.125,GasterBlaster,1,0,0,450,371,202.5,0,0
0.125,GasterBlaster,1,0,0,449,306,180,0,0
0.125,GasterBlaster,1,0,0,450,241,157.5,0,0
0.125,GasterBlaster,1,0,0,451,176,135,0,0
0.125,GasterBlaster,1,0,0,386,171,112.5,0,0
0.125,GasterBlaster,1,0,0,321,166,90,0,0
0.125,GasterBlaster,1,0,0,256,171,67.5,0,0
0.125,GasterBlaster,1,0,0,191,176,45,0,0
0.125,GasterBlaster,1,0,0,186,241,22.5,0,0
0.125,GasterBlaster,1,0,0,181,306,0,0,0
0.125,GasterBlaster,1,0,0,186,371,337.5,0,0
0.125,GasterBlaster,1,0,0,191,436,315,0,0
0.125,GasterBlaster,1,0,0,256,443.5,292.5,0,0
0.125,GasterBlaster,1,0,0,321,451,270,0,0
0.125,GasterBlaster,1,0,0,386,443.5,247.5,0,0
0.125,GasterBlaster,1,0,0,451,436,225,0,0
0.125,GasterBlaster,1,0,0,450,371,202.5,0,0
0.125,GasterBlaster,1,0,0,449,306,180,0,0
0.125,GasterBlaster,1,0,0,450,241,157.5,0,0
0.125,GasterBlaster,1,0,0,451,176,135,0,0
0.125,GasterBlaster,1,0,0,386,171,112.5,0,0
0.125,GasterBlaster,1,0,0,321,166,90,0,0
0.125,GasterBlaster,1,0,0,256,171,67.5,0,0
0.125,GasterBlaster,1,0,0,191,176,45,0,0
0.125,GasterBlaster,1,0,0,186,241,22.5,0,0
0.125,GasterBlaster,1,0,0,181,306,0,0,0
0.125,GasterBlaster,1,0,0,186,371,337.5,0,0
0.125,GasterBlaster,1,0,0,191,436,315,0,0
0.125,GasterBlaster,1,0,0,321,446,270,0.4,0.1
0,GasterBlaster,1,0,0,321,126,90,0.4,0.1
0,GasterBlaster,1,0,0,166,304,0,0.4,0.1
0,GasterBlaster,1,0,0,486,304,180,0.4,0.1
0.7,GasterBlaster,1,0,0,191,246,0,0.4,0.1
0,GasterBlaster,1,0,0,259,166,90,0.4,0.1
0,GasterBlaster,1,0,0,449,366,180,0.4,0.1
0,GasterBlaster,1,0,0,379,446,270,0.4,0.1
0,HeartMode,0,,,,,,,
0,SansText,this is it then...                      my special attack.,,,,
1.5,BlackScreen,1,,,,,,,
0,Sound,mus_bizarrovania,0,,,,,
0,Sound,Flash,,,,,,,
0,SansAnimation,Tired,,,,,,
0,SansHead,NoEyes,,
0,HeartTeleport,320,320,,,,,,
0.6666,BlackScreen,0,,,,,,,
0,CombatZoneResizeInstant,270,270,370,370,,,,
2,SansText,this is ridiculous                   aint that right player.,,,,
2,SansText,now i want to                      ask something.,,,,
3.5,SansText,so whats your                   real motive?,,,,
2,SansText,i haven't seen                                him around since he                     started making OF videos                             HP video.,,,,,,
1.5,SansText,there's toilets                           all around his backyard.,,,,,
1.5,SansText,but hey.                                      that cheating game was                         fine, right?,,,,,
4,SansText,wait.
2,SansText,you don't know                                          who is my father is,                               right?,,,,,
2,SansText,fine then.,,,,,
0,SansAnimation,,,,,,,,
1,SansHead,BlueEye,,,,,,,,
0.7,GasterBlaster,2,0,300,139,306,0,0.666,0.5
0,GasterBlaster,2,640,300,499,306,180,0.666,0.5
0.7,GasterBlaster,2,0,240,139,306,0,0.666,0.5
0,GasterBlaster,2,640,240,499,306,180,0.666,0.5
0.7,GasterBlaster,2,0,240,139,306,0,0.666,0.5
0,GasterBlaster,2,640,240,499,306,180,0.666,0.5
0.7,GasterBlaster,2,0,240,139,306,0,0.666,0.5
0,GasterBlaster,2,640,240,499,306,180,0.666,0.5
2,SansHead,ClosedEyes
0.7,GasterBlaster,2,0,240,139,306,0,0.666,0.5
0,GasterBlaster,2,640,240,499,306,180,0.666,0.5
0.7,GasterBlaster,2,0,240,139,306,0,0.666,0.5
0,GasterBlaster,2,640,240,499,306,180,0.666,0.5
0.7,GasterBlaster,2,0,240,139,306,0,0.666,0.5
0,GasterBlaster,2,640,240,499,306,180,0.666,0.5
2,SansText,if you don't mind...
2,SansText,shall we restart                                   this attack again?,,,,,,
1.5,BlackScreen,1,,,,,,,
0,Sound,Flash,,,,,,,
0.6666,BlackScreen,0,,,,,,,
0,Sound,Flash,,,,,,,
0,Sound,mus_bizarrovania,,,,,,,
0,HeartMode,0,,,,,,,
0,CombatZoneResize,241,226,406,391,TLResume,,,
0,HeartTeleport,320,304,,,,,,
0,TLPause,,,,,,,,
0,GasterBlaster,1,0,0,191,306,0,0.3,0.1
0,GasterBlaster,1,0,0,321,166,90,0.3,0.1
0,GasterBlaster,1,0,0,449,306,180,0.3,0.1
0,GasterBlaster,1,0,0,321,446,270,0.3,0.1
0.5,GasterBlaster,1,0,0,191,176,45,0.3,0.1
0,GasterBlaster,1,0,0,451,176,135,0.3,0.1
0,GasterBlaster,1,0,0,451,436,225,0.3,0.1
0,GasterBlaster,1,0,0,191,436,315,0.3,0.1
0.7,GasterBlaster,1,0,0,191,246,0,0.3,0.1
0,GasterBlaster,1,0,0,259,166,90,0.3,0.1
0,GasterBlaster,1,0,0,449,366,180,0.3,0.1
0,GasterBlaster,1,0,0,379,446,270,0.3,0.1
1.5,BlackScreen,1,,,,,,,
0,Sound,Flash,,,,,,,
0.6666,BlackScreen,0,,,,,,,
0,Sound,Flash,,,,,,,
0,CombatZoneResizeInstant,121,276,526,391,TLResume,,,
0,HeartMode,1,,,,,,,
0,HeartTeleport,320,376,,,,,,
0,BoneVRepeat,128,341,45,0,350,4,16,
0,BoneVRepeat,512,341,45,2,350,4,16,
0.1,GasterBlaster,0,0,0,320,215,90,0.1,1.6
0.06,GasterBlaster,0,0,0,330,215,90,0,1.6
0.06,GasterBlaster,0,0,0,310,215,90,0,1.5
0,GasterBlaster,0,0,0,340,215,90,0,1.5
0.06,GasterBlaster,0,0,0,300,215,90,0,1.4
0,GasterBlaster,0,0,0,350,215,90,0,1.4
0.06,GasterBlaster,0,0,0,290,215,90,0,1.3
0,GasterBlaster,0,0,0,360,215,90,0,1.3
0.06,GasterBlaster,0,0,0,280,215,90,0,1.2
0,GasterBlaster,0,0,0,370,215,90,0,1.2
0.06,GasterBlaster,0,0,0,270,215,90,0,1.1
0,GasterBlaster,0,0,0,380,215,90,0,1.1
0.06,GasterBlaster,0,0,0,260,215,90,0,1
0,GasterBlaster,0,0,0,390,215,90,0,1
0.06,GasterBlaster,0,0,0,250,215,90,0,0.9
0,GasterBlaster,0,0,0,400,215,90,0,0.9
0.06,GasterBlaster,0,0,0,240,215,90,0,0.8
0,GasterBlaster,0,0,0,410,215,90,0,0.8
0.06,GasterBlaster,0,0,0,230,215,90,0,0.7
0,GasterBlaster,0,0,0,420,215,90,0,0.7
0.06,GasterBlaster,0,0,0,220,215,90,0,0.6
0,GasterBlaster,0,0,0,430,215,90,0,0.6
0.06,GasterBlaster,0,0,0,210,215,90,0,0.5
0,GasterBlaster,0,0,0,440,215,90,0,0.5
0.06,GasterBlaster,0,0,0,200,215,90,0,0.4
0,GasterBlaster,0,0,0,450,215,90,0,0.4
0.06,GasterBlaster,0,0,0,190,215,90,0,0.3
0,GasterBlaster,0,0,0,460,215,90,0,0.3
0.06,GasterBlaster,0,0,0,180,215,90,0,0.2
0,GasterBlaster,0,0,0,470,215,90,0,0.2
0.06,GasterBlaster,0,0,0,170,215,90,0,0.1
0,GasterBlaster,0,0,0,480,215,90,0,0.1
0.06,GasterBlaster,0,0,0,160,215,90,0,0
0,GasterBlaster,0,0,0,490,215,90,0,0
0.2,GasterBlaster,1,0,0,70,365,0,0.3,0.1
0,GasterBlaster,1,0,0,596,365,180,0.3,0.1
1,BlackScreen,1,,,,,,,
0,Sound,Flash,,,,,,,
0.6666,BlackScreen,0,,,,,,,
0,Sound,Flash,,,,,,,
0,CombatZoneResizeInstant,241,226,406,391,TLResume,,,
0,HeartMode,0,,,,,,,
0,HeartTeleport,320,304,,,,,,
0.2,SansBody,HandLeft,,,,,,,
0.2,SansSlam,2,,,,,,,
0,GasterBlaster,1,0,0,325,166,90,0.1,0
0,BoneStab,2,29,0.4,0,,,,
0.3,SansBody,HandDown,,,,,,,
0.2,SansSlam,1,,,,,,,
0,GasterBlaster,1,0,0,166,315,0,0.1,0
0,BoneStab,1,29,0.4,0,,,,
0.3,SansBody,HandRight,,,,,,,
0.2,SansSlam,0,,,,,,,
0,GasterBlaster,1,0,0,315,166,90,0.1,0
0,BoneStab,0,29,0.4,0,,,,
0.3,SansBody,HandUp,,,,,,,
0.2,SansSlam,3,,,,,,,
0,GasterBlaster,1,0,0,166,325,0,0.1,0
0,BoneStab,3,29,0.4,0,,,,
0,SansAnimation,Idle,,,,,,,
0.5,HeartMode,0,,,,,,,
0.3,GasterBlaster,1,0,0,170,300,0,0.3,0.1
0,GasterBlaster,1,0,0,170,350,0,0.3,0.1
0,GasterBlaster,1,0,0,300,170,90,0.3,0.1
0,GasterBlaster,1,0,0,350,170,90,0.3,0.1
0.7,GasterBlaster,1,0,0,191,246,0,0.3,0.1
0,GasterBlaster,1,0,0,259,166,90,0.3,0.1
0,GasterBlaster,1,0,0,449,366,180,0.3,0.1
0,GasterBlaster,1,0,0,379,446,270,0.3,0.1
2,SansHead,Default,,
0.5,BlackScreen,1,,,,,,,
0,HeartTeleport,310,320,,,,,,
0,HeartMode,0,,
0,SansRepeat,,,,,,,,
0.3,CombatZoneSpeed,30,,,,,,,
0.9,GetHeartPos,HeartX,HeartY,,,,,,
0,HeartMaxFallSpeed,0,,,,,,,
0.6666,BlackScreen,0,,,,,,,
0,CombatZoneResizeInstant,-10,264,650,391,,,,
0,HeartTeleport,40,$HeartY,,,,,,
0,SansSlam,0,,,,,,,
0,GasterBlaster,0,0,0,600,280,180,0.1,0.5
0.1,GasterBlaster,0,0,0,600,300,180,0.1,0.4
0.1,GasterBlaster,0,0,0,600,320,180,0.1,0.3
0.1,GasterBlaster,0,0,0,600,340,180,0.1,0.2
0.1,GasterBlaster,0,0,0,600,360,180,0.1,0.1
0.6,GasterBlaster,0,0,0,600,370,180,0.1,0.5
0.1,GasterBlaster,0,0,0,600,350,180,0.1,0.4
0.1,GasterBlaster,0,0,0,600,330,180,0.1,0.3
0.1,GasterBlaster,0,0,0,600,310,180,0.1,0.2
0.1,GasterBlaster,0,0,0,600,300,180,0.1,0.1
0.5,BoneVRepeat,600,341,85,2,600,5,16,
0,GasterBlaster,0,0,0,600,310,180,0.4,0.1
0.3,BoneVRepeat,600,241,85,2,600,5,16,
0.2,GasterBlaster,0,0,0,600,360,180,0.4,0.1
0.3,BoneVRepeat,600,341,85,2,600,5,16,
0.2,GasterBlaster,0,0,0,600,310,180,0.4,0.1
0.3,BoneVRepeat,600,241,85,2,600,5,16,
0.2,GasterBlaster,0,0,0,600,360,180,0.4,0.1
0.3,BoneVRepeat,600,341,85,2,600,5,16,
0.2,GasterBlaster,0,0,0,600,310,180,0.4,0.1
0.3,BoneVRepeat,600,241,85,2,600,5,16,
0.2,GasterBlaster,0,0,0,600,360,180,0.4,0.1
0.6,GasterBlaster,1,0,0,180,215,135,0,0.1
0.6,GasterBlaster,1,0,0,180,415,225,0,0.1
0.6,GasterBlaster,1,0,0,180,215,135,0,0.1
0.6,GasterBlaster,1,0,0,180,415,225,0,0.1
0.5,GasterBlaster,1,0,0,600,325,180,0.1,0.1
0.5,CombatZoneSpeed,540,,,,,,,
0.5,HeartMaxFallSpeed,330,,,,,,,
0,SansSlam,0,,,,,,,
0,CombatZoneResize,-10,264,410,391,,,,
0.8,GasterBlaster,1,640,480,370,226,90,0.2,0.1
0,GasterBlaster,1,640,480,370,426,270,0.2,0.1
0,SansEndRepeat,,,,,,,,
0.1,SansAnimation,Idle,,,,,,,
0,SansHead,Default,,,,,,,
0,SansX,320,,,,,,,
1.8,BlackScreen,1,,,,,,,
0,Sound,Flash,,,,,,,
0.4,BlackScreen,0,,,,,,,
0,Sound,Flash,,,,,,,
0,SansTorso,Default,,,,,,,
0,HeartTeleport,310,320,,,,,,
0,CombatZoneResizeInstant,289,300,341,351,,,,
0,HeartMode,0,,
0,SansHead,Default,,,,,,,
0,BoneStab,0,20,1,0.2
0.3,BoneStab,1,20,1,0.2
0.8,BoneStab,2,20,0.8,0.2
0.7,BoneStab,3,20,0.7,0.2
0.7,BoneStab,1,20,0.7,0.2
0.4,BoneStab,2,20,0.8,0.2
0.9,BoneStab,3,20,0.7,0.2
0.4,BoneStab,0,20,0.8,0.2
0,BoneStab,0,20,1,0.2
0.3,BoneStab,1,20,1,0.2
0.8,BoneStab,2,20,0.8,0.2
0.7,BoneStab,3,20,0.7,0.2
0.7,BoneStab,1,20,0.7,0.2
0.4,BoneStab,2,20,0.8,0.2
0.9,BoneStab,3,20,0.7,0.2
0.4,BoneStab,0,20,0.8,0.2 
1.8,BlackScreen,1,,,,,,,
0,Sound,Flash,,,,,,,
0.4,BlackScreen,0,,,,,,,
0,Sound,Flash,,,,,,,
0,CombatZoneResizeInstant,251,251,391,391,,,,
0,HeartTeleport,320,320,,,,,,
0,HeartMode,0,,,,,,,
0,SansAnimation,Idle,,,,,,,
0,SansSweat,1,,,,,,,
0,SansHead,Wink,,,,,,,
0,SansHead,Default,,,,,,,
0.2,GasterBlaster,1,0,0,280,170,90,0.3,0
0,GasterBlaster,1,0,0,330,170,90,0.3,0
0,GasterBlaster,1,0,0,170,280,0,0.3,0
0,GasterBlaster,1,0,0,170,330,0,0.3,0
0.5,GasterBlaster,0,0,0,170,370,0,0.1,0
0,GasterBlaster,0,0,0,370,170,90,0.1,0
0.1,GasterBlaster,0,0,0,170,360,0,0.1,0
0,GasterBlaster,0,0,0,360,170,90,0.1,0
0.1,GasterBlaster,0,0,0,170,350,0,0.1,0
0,GasterBlaster,0,0,0,350,170,90,0.1,0
0.1,GasterBlaster,0,0,0,170,340,0,0.1,0
0,GasterBlaster,0,0,0,340,170,90,0.1,0
0.1,GasterBlaster,0,0,0,170,330,0,0.1,0
0,GasterBlaster,0,0,0,330,170,90,0.1,0
0.1,GasterBlaster,0,0,0,170,320,0,0.1,0
0,GasterBlaster,0,0,0,320,170,90,0.1,0
0.1,GasterBlaster,0,0,0,170,310,0,0.1,0
0,GasterBlaster,0,0,0,310,170,90,0.1,0
0.1,GasterBlaster,0,0,0,170,300,0,0.1,0
0,GasterBlaster,0,0,0,300,170,90,0.1,0
0.1,GasterBlaster,0,0,0,170,290,0,0.1,0
0,GasterBlaster,0,0,0,290,170,90,0.1,0
0.1,GasterBlaster,0,0,0,170,280,0,0.1,0
0,GasterBlaster,0,0,0,280,170,90,0.1,0
0.45,GasterBlaster,0,0,0,440,260,180,0.1,0
0,GasterBlaster,0,0,0,440,270,180,0.1,0
0.1,GasterBlaster,0,0,0,440,280,180,0.1,0
0,GasterBlaster,0,0,0,440,290,180,0.1,0
0.1,GasterBlaster,0,0,0,440,300,180,0.1,0
0,GasterBlaster,0,0,0,440,310,180,0.1,0
0.1,GasterBlaster,0,0,0,440,320,180,0.1,0
0,GasterBlaster,0,0,0,440,330,180,0.1,0
0.1,GasterBlaster,0,0,0,440,340,180,0.1,0
0,GasterBlaster,0,0,0,440,350,180,0.1,0
0.1,GasterBlaster,0,0,0,440,360,180,0.1,0
0.45,GasterBlaster,0,0,0,260,440,270,0.1,0
0.1,GasterBlaster,0,0,0,270,440,270,0.1,0
0,GasterBlaster,0,0,0,280,440,270,0.1,0
0.1,GasterBlaster,0,0,0,290,440,270,0.1,0
0,GasterBlaster,0,0,0,300,440,270,0.1,0
0.1,GasterBlaster,0,0,0,310,440,270,0.1,0
0,GasterBlaster,0,0,0,320,440,270,0.1,0
0.1,GasterBlaster,0,0,0,330,440,270,0.1,0
0,GasterBlaster,0,0,0,340,440,270,0.1,0
0.1,GasterBlaster,0,0,0,350,440,270,0.1,0
0,GasterBlaster,0,0,0,360,440,270,0.1,0
0.45,GasterBlaster,0,0,0,440,370,180,0.1,0
0.1,GasterBlaster,0,0,0,440,360,180,0.1,0
0,GasterBlaster,0,0,0,440,350,180,0.1,0
0.1,GasterBlaster,0,0,0,440,340,180,0.1,0
0,GasterBlaster,0,0,0,440,330,180,0.1,0
0.1,GasterBlaster,0,0,0,440,320,180,0.1,0
0,GasterBlaster,0,0,0,440,310,180,0.1,0
0.1,GasterBlaster,0,0,0,440,300,180,0.1,0
0,GasterBlaster,0,0,0,440,290,180,0.1,0
0.1,GasterBlaster,0,0,0,440,280,180,0.1,0
0.45,GasterBlaster,0,0,0,370,170,90,0.1,1
0.1,GasterBlaster,0,0,0,360,170,90,0.1,1
0,GasterBlaster,0,0,0,350,170,90,0.1,1
0.1,GasterBlaster,0,0,0,340,170,90,0.1,1
0.1,GasterBlaster,0,0,0,290,170,90,0.1,1
0,GasterBlaster,0,0,0,280,170,90,0.1,0.1
0,GasterBlaster,0,0,0,270,170,90,0.1,0.1
0,GasterBlaster,0,0,0,260,170,90,0.1,0.1
0.5,GasterBlaster,0,0,0,170,260,0,0.1,0
0.1,GasterBlaster,0,0,0,170,270,0,0.1,0
0,GasterBlaster,0,0,0,170,280,0,0.1,0
0.1,GasterBlaster,0,0,0,170,290,0,0.1,0
0.1,SansBody,HandDown,,,,,,,
0,HeartMaxFallSpeed,600,,,,,,,
0.1,SansSlam,1,,,,,,,
0.2,BoneStab,1,29,0.4,0.1,,,,
0,SansAnimation,Idle,,,,,,,
0.6,HeartMode,0,,,,,,,
0,SansSweat,2,,,,,,,
0.2,GasterBlaster,1,0,0,321,166,90,0,0
0.125,GasterBlaster,1,0,0,256,171,67.5,0,0
0.125,GasterBlaster,1,0,0,191,176,45,0,0
0.125,GasterBlaster,1,0,0,186,241,22.5,0,0
0.125,GasterBlaster,1,0,0,181,306,0,0,0
0.125,GasterBlaster,1,0,0,186,371,337.5,0,0
0.125,GasterBlaster,1,0,0,191,436,315,0,0
0.125,GasterBlaster,1,0,0,256,443.5,292.5,0,0
0.125,GasterBlaster,1,0,0,321,451,270,0,0
0.125,GasterBlaster,1,0,0,386,443.5,247.5,0,0
0.125,GasterBlaster,1,0,0,451,436,225,0,0
0.125,GasterBlaster,1,0,0,450,371,202.5,0,0
0.125,GasterBlaster,1,0,0,449,306,180,0,0
0.125,GasterBlaster,1,0,0,450,241,157.5,0,0
0.125,GasterBlaster,1,0,0,451,176,135,0,0
0.125,GasterBlaster,1,0,0,386,171,112.5,0,0
0.125,GasterBlaster,1,0,0,321,166,90,0,0
0.125,GasterBlaster,1,0,0,256,171,67.5,0,0
0.125,GasterBlaster,1,0,0,191,176,45,0,0
0.125,GasterBlaster,1,0,0,186,241,22.5,0,0
0.125,GasterBlaster,1,0,0,181,306,0,0,0
0.125,GasterBlaster,1,0,0,186,371,337.5,0,0
0.125,GasterBlaster,1,0,0,191,436,315,0,0
0.125,GasterBlaster,1,0,0,256,443.5,292.5,0,0
0.125,GasterBlaster,1,0,0,321,451,270,0,0
0.125,GasterBlaster,1,0,0,386,443.5,247.5,0,0
0.125,GasterBlaster,1,0,0,451,436,225,0,0
0.125,GasterBlaster,1,0,0,450,371,202.5,0,0
0.125,GasterBlaster,1,0,0,449,306,180,0,0
0.125,GasterBlaster,1,0,0,450,241,157.5,0,0
0.125,GasterBlaster,1,0,0,451,176,135,0,0
0.125,GasterBlaster,1,0,0,386,171,112.5,0,0
0.125,GasterBlaster,1,0,0,321,166,90,0,0
0.125,GasterBlaster,1,0,0,256,171,67.5,0,0
0.125,GasterBlaster,1,0,0,191,176,45,0,0
0.125,GasterBlaster,1,0,0,186,241,22.5,0,0
0.125,GasterBlaster,2,0,0,170,320,0,0.4,0.1
0,GasterBlaster,2,0,0,570,320,180,0.4,0.1
0,SansSweat,3,,,,,,,
1.2,GasterBlaster,1,0,0,256,171,67.5,0.3,0
0,GasterBlaster,1,0,0,191,176,45,0.3,0
0,GasterBlaster,1,0,0,186,241,22.5,0.3,0
0.7,GasterBlaster,1,0,0,186,371,337.5,0.3,0
0,GasterBlaster,1,0,0,191,436,315,0.3,0
0,GasterBlaster,1,0,0,256,443.5,292.5,0.3,0
0.7,GasterBlaster,1,0,0,450,371,202.5,0.3,0
0,GasterBlaster,1,0,0,449,306,180,0.3,0
0,GasterBlaster,1,0,0,450,241,157.5,0.3,0
0.7,GasterBlaster,1,0,0,386,171,112.5,0.3,0
0,GasterBlaster,1,0,0,321,166,90,0.3,0
0,GasterBlaster,1,0,0,256,171,67.5,0.3,0
0.7,GasterBlaster,1,0,0,386,443.5,247.5,0.3,0
0,GasterBlaster,1,0,0,451,436,225,0.3,0
0,GasterBlaster,1,0,0,450,371,202.5,0.3,0
0.7,GasterBlaster,1,0,0,450,371,202.5,0,0
0,GasterBlaster,1,0,0,449,306,180,0,0
0,GasterBlaster,1,0,0,450,241,157.5,0,0
0.8,GasterBlaster,1,0,0,449,306,180,0,0
0.125,GasterBlaster,1,0,0,450,371,202.5,0,0
0.125,GasterBlaster,1,0,0,451,436,225,0,0
0.125,GasterBlaster,1,0,0,386,443.5,247.5,0,0
0.125,GasterBlaster,1,0,0,321,451,270,0,0
0.125,GasterBlaster,1,0,0,256,443.5,292.5,0,0
0.125,GasterBlaster,1,0,0,191,436,315,0,0
0.125,GasterBlaster,1,0,0,186,371,337.5,0,0
0.125,GasterBlaster,1,0,0,181,306,0,0,0
0.125,GasterBlaster,1,0,0,186,241,22.5,0,0
0.125,GasterBlaster,1,0,0,191,176,45,0,0
0.125,GasterBlaster,1,0,0,256,171,67.5,0,0
0.125,GasterBlaster,1,0,0,321,166,90,0,0
0.125,GasterBlaster,1,0,0,386,171,112.5,0,0
0.125,GasterBlaster,1,0,0,451,176,135,0,0
0.125,GasterBlaster,1,0,0,450,241,157.5,0,0
0.125,GasterBlaster,1,0,0,449,306,180,0,0
0.125,GasterBlaster,1,0,0,450,371,202.5,0,0
0.125,GasterBlaster,1,0,0,451,436,225,0,0
0.125,GasterBlaster,1,0,0,386,443.5,247.5,0,0
0.125,GasterBlaster,1,0,0,321,451,270,0,0
0.125,GasterBlaster,1,0,0,256,443.5,292.5,0,0
0.125,GasterBlaster,1,0,0,191,436,315,0,0
0.125,GasterBlaster,1,0,0,186,371,337.5,0,0
0.125,GasterBlaster,1,0,0,181,306,0,0,0
0.125,GasterBlaster,1,0,0,186,241,22.5,0,0
0.125,GasterBlaster,1,0,0,191,176,45,0,0
0.125,GasterBlaster,1,0,0,256,171,67.5,0,0
0.125,GasterBlaster,1,0,0,321,166,90,0,0
0.125,GasterBlaster,1,0,0,386,171,112.5,0,0
0.125,GasterBlaster,1,0,0,451,176,135,0,0
0.125,GasterBlaster,1,0,0,450,241,157.5,0,0
0.125,GasterBlaster,1,0,0,449,306,180,0,0
0.3,GasterBlaster,1,0,0,181,306,0,0,0
0.125,GasterBlaster,1,0,0,186,371,337.5,0,0
0.125,GasterBlaster,1,0,0,191,436,315,0,0
0.125,GasterBlaster,1,0,0,256,443.5,292.5,0,0
0.125,GasterBlaster,1,0,0,321,451,270,0,0
0.125,GasterBlaster,1,0,0,386,443.5,247.5,0,0
0.125,GasterBlaster,1,0,0,451,436,225,0,0
0.125,GasterBlaster,1,0,0,450,371,202.5,0,0
0.125,GasterBlaster,1,0,0,449,306,180,0,0
0.125,GasterBlaster,1,0,0,450,241,157.5,0,0
0.125,GasterBlaster,1,0,0,451,176,135,0,0
0.125,GasterBlaster,1,0,0,386,171,112.5,0,0
0.125,GasterBlaster,1,0,0,321,166,90,0,0
0.125,GasterBlaster,1,0,0,256,171,67.5,0,0
0.125,GasterBlaster,1,0,0,191,176,45,0,0
0.125,GasterBlaster,1,0,0,186,241,22.5,0,0
0.125,GasterBlaster,1,0,0,181,306,0,0,0
0.125,GasterBlaster,1,0,0,186,371,337.5,0,0
0.125,GasterBlaster,1,0,0,191,436,315,0,0
0.125,GasterBlaster,1,0,0,256,443.5,292.5,0,0
0.125,GasterBlaster,1,0,0,321,451,270,0,0
0.125,GasterBlaster,1,0,0,386,443.5,247.5,0,0
0.125,GasterBlaster,1,0,0,451,436,225,0,0
0.125,GasterBlaster,1,0,0,450,371,202.5,0,0
0.125,GasterBlaster,1,0,0,449,306,180,0,0
0.125,GasterBlaster,1,0,0,450,241,157.5,0,0
0.125,GasterBlaster,1,0,0,451,176,135,0,0
0.125,GasterBlaster,1,0,0,386,171,112.5,0,0
0.125,GasterBlaster,1,0,0,321,166,90,0,0
0.125,GasterBlaster,1,0,0,256,171,67.5,0,0
0.125,GasterBlaster,1,0,0,191,176,45,0,0
0.125,GasterBlaster,1,0,0,186,241,22.5,0,0
0.125,GasterBlaster,1,0,0,181,306,0,0,0
0.125,GasterBlaster,1,0,0,186,371,337.5,0,0
0.125,GasterBlaster,1,0,0,191,436,315,0,0
0.125,GasterBlaster,1,0,0,321,446,270,0.4,0.1
0,GasterBlaster,1,0,0,321,126,90,0.4,0.1
0,GasterBlaster,1,0,0,166,304,0,0.4,0.1
0,GasterBlaster,1,0,0,486,304,180,0.4,0.1
0.7,GasterBlaster,1,0,0,191,246,0,0.4,0.1
0,GasterBlaster,1,0,0,259,166,90,0.4,0.1
0,GasterBlaster,1,0,0,449,366,180,0.4,0.1
0,GasterBlaster,1,0,0,379,446,270,0.4,0.1
0,CombatZoneResize,241,226,406,391,TLResume,,,
0,HeartTeleport,320,304,,,,,,
0,HeartMode,0,,,,,,,
0,TLPause,,,,,,,,
0,SansSweat,0,,,,,,,
0,SET,I,0,,,,,,
0.3,RND,Direction,4,,,,,,
0,ADD,Jump,$Direction,1,,,,,
0,JMPREL,$Jump,,,,,,,
0,JMPREL,4,,,,,,,
0,JMPREL,5,,,,,,,
0,JMPREL,6,,,,,,,
0,JMPREL,7,,,,,,,
0,SansBody,HandRight,,,,,,,
0,JMPREL,7,,,,,,,
0,SansBody,HandDown,,,,,,,
0,JMPREL,5,,,,,,,
0,SansBody,HandLeft,,,,,,,
0,JMPREL,3,,,,,,,
0,SansBody,HandUp,,,,,,,
0,JMPREL,1,,,,,,,
0.26666,SansSlam,$Direction,,,,,,,
0.2,BoneStab,$Direction,29,0.4,0,,,,
0,ADD,I,$I,1,,,,,
0,JMPL,7,$I,4,,,,,
0,BoneHRepeat,130,-10,200,1,300,3,183,
0,BoneHRepeat,330,650,200,3,300,3,183,
0.5,HeartMode,0,,,,,,,
2,SansBody,HandLeft,,,,,,,
0.2,SansSlam,2,,,,,,,
0.3,SansBody,HandRight,,,,,,,
0.2,HeartMaxFallSpeed,450,,,,,,,
0,SansSlam,0,,,,,,,
0,CombatZoneResizeInstant,241,226,449,391,,,,
0,CombatZoneSpeed,900,,,,,,,
0,CombatZoneResize,241,226,650,391,,,,
0.33333,HeartMaxFallSpeed,-300,,,,,,,
0,SansAnimation,Idle,,,,,,,
0,SansRepeat,,,,,,,,
0,CombatZoneResize,-10,226,650,391,,,,
0.3,CombatZoneSpeed,30,,,,,,,
0,CombatZoneResize,-10,264,650,369,,,,
0.9,GetHeartPos,HeartX,HeartY,,,,,,
0,HeartTeleport,40,$HeartY,,,,,,
0,HeartMaxFallSpeed,0,,,,,,,
0,SansSlam,0,,,,,,,
0,DIV,Deg,180,$pi,,,,,
0,SET,I,0,,,,,,
0,DIV,Ang,$I,2,,,,,
0,MUL,Ang,$Ang,$Deg,,,,,
0,SIN,Sine,$Ang,,,,,,
0,MUL,Sine,$Sine,25,,,,,
0,FLOOR,Sine,$Sine,,,,,,
0,MUL,X,$I,60,,,,,
0,ADD,X,$X,634,,,,,
0,SET,Y,270,,,,,,
0,ADD,H,30,$Sine,,,,,
0,BoneV,$X,$Y,$H,2,900,,,
0,ADD,Y,$Y,$H,,,,,
0,ADD,Y,$Y,34,,,,,
0,SUB,H,364,$Y,,,,,
0,BoneV,$X,$Y,$H,2,900,,,
0,ADD,I,$I,1,,,,,
0,JMPL,49,$I,44,,,,,
0,ADD,X,$X,360,,,,,
0,BoneVRepeat,$X,270,50,2,900,3,15,
0,ADD,X,$X,330,,,,,
0,BoneVRepeat,$X,314,50,2,900,3,15,
0,ADD,X,$X,300,,,,,
0,BoneVRepeat,$X,270,50,2,900,3,15,
0,ADD,X,$X,300,,,,,
0,BoneVRepeat,$X,314,50,2,900,3,15,
0,ADD,X,$X,270,,,,,
0,BoneVRepeat,$X,270,50,2,900,3,15,
0,ADD,X,$X,270,,,,,
0,BoneVRepeat,$X,314,50,2,900,3,15,
0,ADD,X,$X,240,,,,,
0,BoneVRepeat,$X,270,50,2,900,3,15,
0,ADD,X,$X,330,,,,,
0,BoneVRepeat,$X,314,50,2,900,3,15,
0,ADD,X,$X,270,,,,,
0,BoneVRepeat,$X,270,50,2,900,3,15,
0,ADD,X,$X,390,,,,,
0,SET,I,0,,,,,,
0,MUL,X2,$I,30,,,,,
0,ADD,X2,$X2,$X,,,,,
0,ADD,H,10,$I,,,,,
0,BoneV,$X2,270,$H,2,900,,,
0,SUB,Y,365,$H,,,,,
0,BoneV,$X2,$Y,$H,2,900,,,
0,ADD,I,$I,1,,,,,
0,JMPL,85,$I,24,,,,,
0,SET,I,0,,,,,,
8,HeartMaxFallSpeed,330,,,,,,,
0,SansSlam,0,,,,,,,
0,CombatZoneSpeed,540,,,,,,,
0,CombatZoneResize,-10,264,410,369,,,,
0.9,SansEndRepeat,,,,,,,,
0,SansHead,Default,,,,,,,
0,SansTorso,Default,,,,,,,
0,SansBody,HandLeft,,,,,,,
0.2,BoneStab,0,50,0.4,1,,,,
0.9,BlackScreen,1,,,,,,,
0,Sound,Flash,,,,,,,
0.4,BlackScreen,0,,,,,,,
0,Sound,Flash,,,,,,,
0,CombatZoneResizeInstant,239,226,404,391,,,,
0,HeartTeleport,320,376,,,,,,
0,HeartMode,1,,,,,,,
0,SansAnimation,HeadBob,,,,,,,
0.03333,BoneStab,1,48,0.6,1,,,,
0,BoneStab,3,48,0.6,1,,,,
0.9,BlackScreen,1,,,,,,,
0,Sound,Flash,,,,,,,
0.1,BlackScreen,0,,,,,,,
0,Sound,Flash,,,,,,,
0,HeartTeleport,262,240,,,,,,
0,SansSlam,3,,,,,,,
0.03333,BoneStab,2,48,0.6,1,,,,
0,BoneStab,3,48,0.6,1,,,,
0.9,BlackScreen,1,,,,,,,
0,Sound,Flash,,,,,,,
0.1,BlackScreen,0,,,,,,,
0,Sound,Flash,,,,,,,
0,HeartTeleport,391,376,,,,,,
0,SansSlam,0,,,,,,,
0.03333,BoneStab,0,48,0.6,1,,,,
0,BoneStab,1,48,0.6,1,,,,
0.9,BlackScreen,1,,,,,,,
0,Sound,Flash,,,,,,,
0.1,BlackScreen,0,,,,,,,
0,Sound,Flash,,,,,,,
0,HeartTeleport,262,240,,,,,,
0,SansSlam,2,,,,,,,
0,SansX,320,,,,,,,
0.03333,BoneStab,2,48,0.6,1,,,,
0.7,HeartMode,0,,,,,,,
0,SET,gt,0,,,,,,
0,SET,gin,1,,,,,,
0,MUL,Ang,$gt,-10,,,,,
0,COS,X,$Ang,,,,,,
0,SIN,Y,$Ang,,,,,,
0,MUL,EndX,$X,150,,,,,
0,MUL,EndY,$Y,150,,,,,
0,MUL,X,$EndX,3,,,,,
0,MUL,Y,$EndY,3,,,,,
0,ADD,X,$X,320,,,,,
0,ADD,Y,$Y,306,,,,,
0,ADD,EndX,$EndX,320,,,,,
0,ADD,EndY,$EndY,306,,,,,
0,ADD,Ang,$Ang,180,,,,,
0,GasterBlaster,0,$X,$Y,$EndX,$EndY,$Ang,0.5,0
0,ADD,gt,$gt,$gin,,,,,
0,JMPNL,156,$gin,1.7,,,,,
0,ADD,gin,$gin,0.015,,,,,
0.06666,JMPL,140,$gt,190,,,,,
1,SansHead,BlueEye,,,,,,,
0,HeartMaxFallSpeed,750,,,,,,,
0,SansBody,HandRight,,,,,,,
0,SansSlamDamage,1,,,,,,,
0,SET,I,0,,,,,,
0,SET,Direction,0,,,,,,
0,SET,LastDir,2,,,,,,
0,SET,Wait1,0.13333,,,,,,
0,SET,Wait2,0.13333,,,,,,
0,JMPNE,168,$Direction,$LastDir,,,,,
0,SUB,Direction,$Direction,2,,,,,
0,JMPNL,170,$Direction,0,,,,,
0,ADD,Direction,$Direction,4,,,,,
0,JMPL,172,$Direction,4,,,,,
0,SUB,Direction,$Direction,4,,,,,
0,MUL,Jump,$Direction,2,,,,,
0,ADD,Jump,$Jump,1,,,,,
0,JMPREL,$Jump,,,,,,,
0,SansBody,HandRight,,,,,,,
0,JMPREL,6,,,,,,,
0,SansBody,HandDown,,,,,,,
0,JMPREL,4,,,,,,,
0,SansBody,HandLeft,,,,,,,
0,JMPREL,2,,,,,,,
0,SansBody,HandUp,,,,,,,
$Wait1,SansSlam,$Direction,,,,,,,
$Wait2,SET,LastDir,$Direction,,,,,,
0,MOD,Odd,$I,2,,,,,
0,JMPZ,187,$Odd,,,,,,
0,RND,Direction,4,,,,,,
0,JMPNE,191,$I,21,,,,,
0,HeartMaxFallSpeed,480,,,,,,,
0,SET,Wait1,0.2,,,,,,
0,SET,Wait2,0.2,,,,,,
0,JMPNE,194,$I,25,,,,,
0,SansHead,Default,,,,,,,
0,SansSweat,1,,,,,,,
0,JMPNE,200,$I,33,,,,,
0,SansHead,Tired1,,,,,,,
0,SansSweat,2,,,,,,,
0,HeartMaxFallSpeed,330,,,,,,,
0,SET,Wait1,0.5,,,,,,
0,SET,Wait2,1.1,,,,,,
0,JMPNE,203,$I,33,,,,,
0,JMPE,186,$Direction,1,,,,,
0,JMPE,186,$Direction,$LastDir,,,,,
0,JMPNE,206,$I,35,,,,,
0,HeartMaxFallSpeed,240,,,,,,,
0,SET,Direction,3,,,,,,
0,JMPNE,210,$I,36,,,,,
0,SansHead,Tired2,,,,,,,
0,SansSweat,3,,,,,,,
0,HeartMaxFallSpeed,60,,,,,,,
0,ADD,I,$I,1,,,,,
0,JMPL,166,$I,38,,,,,
1.5,SansAnimation,Tired,,,,,,,
0,BlackScreen,1,,,,,,,
0,Sound,Flash,,,,,,,
0.6,BlackScreen,0,,,,,,,
0,Sound,Flash,,,,,,,
0,boneh,497,431,110,,,,,,
0,boneh,497,443,110,,,,,,
0,boneh,497,455,110,,,,,,
0,boneh,497,467,110,,,,,,

0,boneh,344,431,110,,,,,,
0,boneh,344,443,110,,,,,,
0,boneh,344,455,110,,,,,,
0,boneh,344,467,110,,,,,,

0,boneh,183,431,110,,,,,,
0,boneh,183,443,110,,,,,,
0,boneh,183,455,110,,,,,,
0,boneh,183,467,110,,,,,,

0,boneh,32,431,110,,,,,,
0,boneh,32,443,110,,,,,,
0,boneh,32,455,110,,,,,,
0,boneh,32,467,110,,,,,,

0,CombatZoneResize,241,226,406,391,TLResume
0,HeartTeleport,320,304,,,
0,HeartMode,0,,,,
0,TLPause,,,,,
0,SansText,hey kid,,
0,SansText,. . .,,
0.1,SansText,you have passed the easy              phrases,,
0,SansText,but ...,,
0.1,SansText,i expect you...,,
0.1,SansText,cheats at play,,
0,BlackScreen,1,,,,,,,
0,Sound,Flash,,,,,,,
0.1,BlackScreen,0,,,,,,,
0,Sound,Flash,,,,,,,
0,boneh,497,431,110,,,,,,
0,boneh,497,443,110,,,,,,
0,boneh,497,455,110,,,,,,
0,boneh,497,467,110,,,,,,

0,boneh,344,431,110,,,,,,
0,boneh,344,443,110,,,,,,
0,boneh,344,455,110,,,,,,
0,boneh,344,467,110,,,,,,

0,boneh,183,431,110,,,,,,
0,boneh,183,443,110,,,,,,
0,boneh,183,455,110,,,,,,
0,boneh,183,467,110,,,,,,

0,boneh,32,431,110,,,,,,
0,boneh,32,443,110,,,,,,
0,boneh,32,455,110,,,,,,
0,boneh,32,467,110,,,,,,

0,SansText,don't worry,,
0,BlackScreen,1,,,,,,,
0,Sound,Flash,,,,,,,
0.2,BlackScreen,0,,,,,,,
0,Sound,Flash,,,,,,,
0,boneh,497,431,110,,,,,,
0,boneh,497,443,110,,,,,,
0,boneh,497,455,110,,,,,,
0,boneh,497,467,110,,,,,,

0,boneh,344,431,110,,,,,,
0,boneh,344,443,110,,,,,,
0,boneh,344,455,110,,,,,,
0,boneh,344,467,110,,,,,,

0,boneh,183,431,110,,,,,,
0,boneh,183,443,110,,,,,,
0,boneh,183,455,110,,,,,,
0,boneh,183,467,110,,,,,,

0,boneh,32,431,110,,,,,,
0,boneh,32,443,110,,,,,,
0,boneh,32,455,110,,,,,,
0,boneh,32,467,110,,,,,,

0,SansHead,BlueEye
0.1,SansText,i well never forgive you,,
0,SansBody,HandUp,,,,
0.26666,SansSlam,3,,,,
0,BoneStab,3,31,0.6,0.1,
0,BoneStab,1,120,0.2,0.2,
0.6,SansBody,HandRight,,,,
0.26666,SansSlam,0,,,,
0,BoneStab,0,31,0.6,0.1,
0,BoneStab,2,120,0.2,0.2,
0.6,SansBody,HandLeft,,,,
0.26666,SansSlam,2,,,,
0,BoneStab,2,31,0.6,0.1,
0,BoneStab,0,120,0.2,0.2,
0.6,SansBody,HandLeft,,,,
0.26666,SansSlam,2,,,,
0,BoneStab,2,31,0.6,0.1,
0,BoneStab,0,120,0.2,0.2,
0.2,SansTorso,Normal,,
0.4,Sound,ding,,,,,,,
0,HeartMode,0,,,,
0,GasterBlaster,1,0,0,191,246,0,0.3,8
0,GasterBlaster,1,0,0,259,166,90,0.3,8
0,GasterBlaster,1,0,0,449,366,180,0.3,8
0,GasterBlaster,1,0,0,379,446,270,0.3,8
0.9,BoneStab,1,80,0.4,0.1,
0.3,BoneStab,0,80,0.4,0.1,
0.3,BoneStab,3,80,0.4,0.1,
0.3,BoneStab,2,80,0.4,0.1,
0.3,BoneStab,1,80,0.4,0.1,
0.3,BoneStab,0,80,0.4,0.1,
0.3,BoneStab,3,80,0.4,0.1,
0.3,BoneStab,2,80,0.4,0.1,
0.3,BoneStab,1,80,0.4,0.1,
0.3,BoneStab,0,80,0.4,0.1,
0.3,BoneStab,3,80,0.4,0.1,
0.3,BoneStab,2,80,0.4,0.1,
0.3,BoneStab,1,80,0.4,0.1,
0.3,BoneStab,0,80,0.4,0.1,
0.3,BoneStab,3,80,0.4,0.1,
0.3,BoneStab,2,80,0.4,0.1,
0.3,BoneStab,1,80,0.4,0.1,
0.3,BoneStab,0,80,0.4,0.1,
0.3,BoneStab,3,80,0.4,0.1,
0.3,BoneStab,2,80,0.4,0.1,
0.3,BoneStab,1,80,0.4,0.1,
0.3,BoneStab,0,80,0.4,0.1,
0.3,BoneStab,3,80,0.4,0.1,
0.3,BoneStab,2,80,0.4,0.1,

1.2,SansBody,HandRight,,,,
0.26666,SansSlam,0,,,,
0,BoneStab,0,31,0.6,0.1,
0,BoneStab,2,120,0.2,0.2,
0.6,SansBody,HandLeft,,,,
0.26666,SansSlam,2,,,,
0,BoneStab,2,31,0.6,0.1,
0,BoneStab,0,120,0.2,0.2,

0.4,SansBody,HandRight,,,,
0.26666,SansSlam,0,,,,
0,CombatZoneResizeInstant,221,256,449,391,,,,
0,CombatZoneSpeed,1000,,,,,,,
0,CombatZoneResize,221,256,650,391,,,,
0.33333,HeartMaxFallSpeed,-370,,,,,,,
0,SansAnimation,Idle,,,,,,,
0,SansRepeat,,,,,,,,
0,CombatZoneResize,-10,226,650,391,,,,
0.3,CombatZoneSpeed,30,,,,,,,
0,CombatZoneResize,-10,264,650,369,,,,
0.9,GetHeartPos,HeartX,HeartY,,,,,,
0,HeartTeleport,40,$HeartY,,,,,,
0,HeartMaxFallSpeed,0,,,,,,,
0,SansSlam,0,,,,,,,
0,HeartMaxFallSpeed,0,,,,,,,
1,SineBones,180,20,500,30,,,,

8,BoneStab,3,20,0.2,8,
0,BoneStab,1,20,0.2,8,

0.06,bonev,780,315,30,2,700,,,,
0,sound,BoneStab,,,,,,,,

0.45,bonev,780,290,30,2,700,,,,
0,sound,BoneStab,,,,,,,,

0.45,bonev,780,315,30,2,700,,,,
0,sound,BoneStab,,,,,,,,

0.45,bonev,780,290,30,2,700,,,,
0,sound,BoneStab,,,,,,,,

0.45,bonev,780,315,30,2,700,,,,
0,sound,BoneStab,,,,,,,,

0.45,bonev,780,290,30,2,700,,,,
0,sound,BoneStab,,,,,,,,

0.45,bonev,780,315,30,2,700,,,,
0,sound,BoneStab,,,,,,,,

0.45,bonev,780,290,30,2,700,,,,
0,sound,BoneStab,,,,,,,,

0.45,bonev,780,315,30,2,700,,,,
0,sound,BoneStab,,,,,,,,

0.45,bonev,780,290,30,2,700,,,,
0,sound,BoneStab,,,,,,,,

0.45,bonev,780,315,30,2,700,,,,
0,sound,BoneStab,,,,,,,,

0.45,bonev,780,290,30,2,700,,,,
0,sound,BoneStab,,,,,,,,

0.45,bonev,780,315,30,2,700,,,,
0,sound,BoneStab,,,,,,,,

0.45,bonev,780,290,30,2,700,,,,
0,sound,BoneStab,,,,,,,,

0.45,bonev,780,315,30,2,700,,,,
0,sound,BoneStab,,,,,,,,

0.45,bonev,780,290,30,2,700,,,,
0,sound,BoneStab,,,,,,,,

0.45,bonev,780,315,30,2,700,,,,
0,sound,BoneStab,,,,,,,,

1,GasterBlaster,2,191,306,191,306,180,12,0.3,1
1,GasterBlaster,2,191,306,191,306,180,12,0.3,1
1,GasterBlaster,2,191,306,191,306,180,12,0.3,2
1,GasterBlaster,2,191,306,191,306,180,12,0.3,2
1,GasterBlaster,2,191,306,191,306,180,12,0.3,2
1,GasterBlaster,2,191,306,191,306,180,12,0.3,1
1,GasterBlaster,2,191,306,191,306,180,12,0.3,1
1,GasterBlaster,2,191,306,191,306,180,12,0.3,2
1,GasterBlaster,2,191,306,191,306,180,12,0.3,1
1,GasterBlaster,2,191,306,191,306,180,12,0.3,2
0,BoneStab,3,25,0.2,12.4,
0,BoneStab,1,25,0.2,12.4,

0,SansHead,Tired1,,,,,,,
12.4,SansBody,HandRight,,,,
0,HeartMaxFallSpeed,800,,,,,,,
0,CombatZoneSpeed,100000000000000000000000000000000000000000000000000000000000000000000000000,,,,,,,
0.26666,SansSlam,0,,,,
0.2,SansEndRepeat,,,

0.8,BlackScreen,1,,,,,,,
0,Sound,Flash,,,,,,,
0.4,BlackScreen,0,,,,,,,
0,Sound,Flash,,,,,,,
0,boneh,497,431,110,,,,,,
0,boneh,497,443,110,,,,,,
0,boneh,497,455,110,,,,,,
0,boneh,497,467,110,,,,,,

0,boneh,344,431,110,,,,,,
0,boneh,344,443,110,,,,,,
0,boneh,344,455,110,,,,,,
0,boneh,344,467,110,,,,,,

0,boneh,183,431,110,,,,,,
0,boneh,183,443,110,,,,,,
0,boneh,183,455,110,,,,,,
0,boneh,183,467,110,,,,,,

0,boneh,32,431,110,,,,,,
0,boneh,32,443,110,,,,,,
0,boneh,32,455,110,,,,,,
0,boneh,32,467,110,,,,,,

0,CombatZoneResize,241,226,406,391,TLResume
0,HeartTeleport,320,304,,,
0,HeartMode,0,,,,
0,TLPause,,,,,
0,SansBody,HandDown,,,,
0,SansSlam,1,,,,
0,sound,BoneStab,,,,,,,,
0.06,bonev,751,377,20,2,700,,,,
0.06,bonev,751,367,30,2,700,,,,
0.06,bonev,751,357,40,2,700,,,,
0.06,bonev,751,347,50,2,700,,,,
0.06,bonev,751,317,70,2,700,,,,
0.06,bonev,751,347,50,2,700,,,,
0.06,bonev,751,357,40,2,700,,,,
0.06,bonev,751,367,30,2,700,,,,
0.06,bonev,751,377,20,2,700,,,,
0,SansTorso,Normal,,
0.8,HeartMode,0,,,,

0,Sound,Ding,,,,,,,
0,SansHead,BlueEye
0,SansHead,Tired2,,,,,,,
0.05,GasterBlaster,1,320,304,320,304,0,1,0.5
0.05,GasterBlaster,1,320,304,320,304,1,1,0.5
0.05,GasterBlaster,1,320,304,320,304,2,1,0.5
0.05,GasterBlaster,1,320,304,320,304,3,1,0.5
0.05,GasterBlaster,1,320,304,320,304,4,1,0.5
0.05,GasterBlaster,1,320,304,320,304,5,1,0.5
0.05,GasterBlaster,1,320,304,320,304,6,1,0.5
0.05,GasterBlaster,1,320,304,320,304,7,1,0.5
0.05,GasterBlaster,1,320,304,320,304,8,1,0.5
0.05,GasterBlaster,1,320,304,320,304,9,1,0.5
0.05,GasterBlaster,1,320,304,320,304,10,1,0.5
0.05,GasterBlaster,1,320,304,320,304,11,1,0.5
0.05,GasterBlaster,1,320,304,320,304,12,1,0.5
0.05,GasterBlaster,1,320,304,320,304,13,1,0.5
0.05,GasterBlaster,1,320,304,320,304,14,1,0.5
0.05,GasterBlaster,1,320,304,320,304,15,1,0.5
0.05,GasterBlaster,1,320,304,320,304,16,1,0.5
0.05,GasterBlaster,1,320,304,320,304,17,1,0.5
0.05,GasterBlaster,1,320,304,320,304,18,1,0.5
0.05,GasterBlaster,1,320,304,320,304,19,1,0.5
0.05,GasterBlaster,1,320,304,320,304,20,1,0.5
0.05,GasterBlaster,1,320,304,320,304,21,1,0.5
0.05,GasterBlaster,1,320,304,320,304,22,1,0.5
0.05,GasterBlaster,1,320,304,320,304,23,1,0.5
0.05,GasterBlaster,1,320,304,320,304,24,1,0.5
0.05,GasterBlaster,1,320,304,320,304,25,1,0.5
0.05,GasterBlaster,1,320,304,320,304,26,1,0.5
0.05,GasterBlaster,1,320,304,320,304,27,1,0.5
0.05,GasterBlaster,1,320,304,320,304,28,1,0.5
0.05,GasterBlaster,1,320,304,320,304,29,1,0.5
0.05,GasterBlaster,1,320,304,320,304,30,1,0.5
0.05,GasterBlaster,1,320,304,320,304,31,1,0.5
0.05,GasterBlaster,1,320,304,320,304,32,1,0.5
0.05,GasterBlaster,1,320,304,320,304,33,1,0.5
0.05,GasterBlaster,1,320,304,320,304,34,1,0.5
0.05,GasterBlaster,1,320,304,320,304,35,1,0.5
0.05,GasterBlaster,1,320,304,320,304,36,1,0.5
0.05,GasterBlaster,1,320,304,320,304,37,1,0.5
0.05,GasterBlaster,1,320,304,320,304,38,1,0.5
0.05,GasterBlaster,1,320,304,320,304,39,1,0.5
0.05,GasterBlaster,1,320,304,320,304,40,1,0.5
0.05,GasterBlaster,1,320,304,320,304,41,1,0.5
0.05,GasterBlaster,1,320,304,320,304,42,1,0.5
0.05,GasterBlaster,1,320,304,320,304,43,1,0.5
0.05,GasterBlaster,1,320,304,320,304,44,1,0.5
0.05,GasterBlaster,1,320,304,320,304,45,1,0.5
0.05,GasterBlaster,1,320,304,320,304,46,1,0.5
0.05,GasterBlaster,1,320,304,320,304,47,1,0.5
0.05,GasterBlaster,1,320,304,320,304,48,1,0.5
0.05,GasterBlaster,1,320,304,320,304,49,1,0.5
0.05,GasterBlaster,1,320,304,320,304,50,1,0.5
0.05,GasterBlaster,1,320,304,320,304,51,1,0.5
0.05,GasterBlaster,1,320,304,320,304,52,1,0.5
0.05,GasterBlaster,1,320,304,320,304,53,1,0.5
0.05,GasterBlaster,1,320,304,320,304,54,1,0.5
0.05,GasterBlaster,1,320,304,320,304,55,1,0.5
0.05,GasterBlaster,1,320,304,320,304,56,1,0.5
0.05,GasterBlaster,1,320,304,320,304,57,1,0.5
0.05,GasterBlaster,1,320,304,320,304,58,1,0.5
0.05,GasterBlaster,1,320,304,320,304,59,1,0.5
0.05,GasterBlaster,1,320,304,320,304,60,1,0.5
0.05,GasterBlaster,1,320,304,320,304,61,1,0.5
0.05,GasterBlaster,1,320,304,320,304,62,1,0.5
0.05,GasterBlaster,1,320,304,320,304,63,1,0.5
0.05,GasterBlaster,1,320,304,320,304,64,1,0.5
0.05,GasterBlaster,1,320,304,320,304,65,1,0.5
0.05,GasterBlaster,1,320,304,320,304,66,1,0.5
0.05,GasterBlaster,1,320,304,320,304,67,1,0.5
0.05,GasterBlaster,1,320,304,320,304,68,1,0.5
0.05,GasterBlaster,1,320,304,320,304,69,1,0.5
0.05,GasterBlaster,1,320,304,320,304,70,1,0.5
0.05,GasterBlaster,1,320,304,320,304,71,1,0.5
0.05,GasterBlaster,1,320,304,320,304,72,1,0.5
0.05,GasterBlaster,1,320,304,320,304,73,1,0.5
0.05,GasterBlaster,1,320,304,320,304,74,1,0.5
0.05,GasterBlaster,1,320,304,320,304,75,1,0.5
0.05,GasterBlaster,1,320,304,320,304,76,1,0.5
0.05,GasterBlaster,1,320,304,320,304,77,1,0.5
0.05,GasterBlaster,1,320,304,320,304,78,1,0.5
0.05,GasterBlaster,1,320,304,320,304,79,1,0.5
0.05,GasterBlaster,1,320,304,320,304,80,1,0.5
0.05,GasterBlaster,1,320,304,320,304,81,1,0.5
0.05,GasterBlaster,1,320,304,320,304,82,1,0.5
0.05,GasterBlaster,1,320,304,320,304,83,1,0.5
0.05,GasterBlaster,1,320,304,320,304,84,1,0.5
0.05,GasterBlaster,1,320,304,320,304,85,1,0.5
0.05,GasterBlaster,1,320,304,320,304,86,1,0.5
0.05,GasterBlaster,1,320,304,320,304,87,1,0.5
0.05,GasterBlaster,1,320,304,320,304,88,1,0.5
0.05,GasterBlaster,1,320,304,320,304,89,1,0.5
0.05,GasterBlaster,1,320,304,320,304,90,1,0.5
0.05,GasterBlaster,1,320,304,320,304,91,1,0.5
0.05,GasterBlaster,1,320,304,320,304,92,1,0.5
0.05,GasterBlaster,1,320,304,320,304,93,1,0.5
0.05,GasterBlaster,1,320,304,320,304,94,1,0.5
0.05,GasterBlaster,1,320,304,320,304,95,1,0.5
0.05,GasterBlaster,1,320,304,320,304,96,1,0.5
0.05,GasterBlaster,1,320,304,320,304,97,1,0.5
0.05,GasterBlaster,1,320,304,320,304,98,1,0.5
0.05,GasterBlaster,1,320,304,320,304,99,1,0.5
0.05,GasterBlaster,1,320,304,320,304,100,1,0.5
0.05,GasterBlaster,1,320,304,320,304,101,1,0.5
0.05,GasterBlaster,1,320,304,320,304,102,1,0.5
0.05,GasterBlaster,1,320,304,320,304,103,1,0.5
0.05,GasterBlaster,1,320,304,320,304,104,1,0.5
0.05,GasterBlaster,1,320,304,320,304,105,1,0.5
0.05,GasterBlaster,1,320,304,320,304,106,1,0.5
0.05,GasterBlaster,1,320,304,320,304,107,1,0.5
0.05,GasterBlaster,1,320,304,320,304,108,1,0.5
0.05,GasterBlaster,1,320,304,320,304,109,1,0.5
0.05,GasterBlaster,1,320,304,320,304,110,1,0.5
0.05,GasterBlaster,1,320,304,320,304,111,1,0.5
0.05,GasterBlaster,1,320,304,320,304,112,1,0.5
0.05,GasterBlaster,1,320,304,320,304,113,1,0.5
0.05,GasterBlaster,1,320,304,320,304,114,1,0.5
0.05,GasterBlaster,1,320,304,320,304,115,1,0.5
0.05,GasterBlaster,1,320,304,320,304,116,1,0.5
0.05,GasterBlaster,1,320,304,320,304,117,1,0.5
0.05,GasterBlaster,1,320,304,320,304,118,1,0.5
0.05,GasterBlaster,1,320,304,320,304,119,1,0.5
0.05,GasterBlaster,1,320,304,320,304,120,1,0.5
0.05,GasterBlaster,1,320,304,320,304,121,1,0.5
0.05,GasterBlaster,1,320,304,320,304,122,1,0.5
0.05,GasterBlaster,1,320,304,320,304,123,1,0.5
0.05,GasterBlaster,1,320,304,320,304,124,1,0.5
0.05,GasterBlaster,1,320,304,320,304,125,1,0.5
0.05,GasterBlaster,1,320,304,320,304,126,1,0.5
0.05,GasterBlaster,1,320,304,320,304,127,1,0.5
0.05,GasterBlaster,1,320,304,320,304,128,1,0.5
0.05,GasterBlaster,1,320,304,320,304,129,1,0.5
0.05,GasterBlaster,1,320,304,320,304,130,1,0.5
0.05,GasterBlaster,1,320,304,320,304,131,1,0.5
0.05,GasterBlaster,1,320,304,320,304,132,1,0.5
0.05,GasterBlaster,1,320,304,320,304,133,1,0.5
0.05,GasterBlaster,1,320,304,320,304,134,1,0.5
0.05,GasterBlaster,1,320,304,320,304,135,1,0.5
0.05,GasterBlaster,1,320,304,320,304,136,1,0.5
0.05,GasterBlaster,1,320,304,320,304,137,1,0.5
0.05,GasterBlaster,1,320,304,320,304,138,1,0.5
0.05,GasterBlaster,1,320,304,320,304,139,1,0.5
0.05,GasterBlaster,1,320,304,320,304,140,1,0.5
0.05,GasterBlaster,1,320,304,320,304,141,1,0.5
0.05,GasterBlaster,1,320,304,320,304,142,1,0.5
0.05,GasterBlaster,1,320,304,320,304,143,1,0.5
0.05,GasterBlaster,1,320,304,320,304,144,1,0.5
0.05,GasterBlaster,1,320,304,320,304,145,1,0.5
0.05,GasterBlaster,1,320,304,320,304,146,1,0.5
0.05,GasterBlaster,1,320,304,320,304,147,1,0.5
0.05,GasterBlaster,1,320,304,320,304,148,1,0.5
0.05,GasterBlaster,1,320,304,320,304,149,1,0.5
0.05,GasterBlaster,1,320,304,320,304,150,1,0.5
0.05,GasterBlaster,1,320,304,320,304,151,1,0.5
0.05,GasterBlaster,1,320,304,320,304,152,1,0.5
0.05,GasterBlaster,1,320,304,320,304,153,1,0.5
0.05,GasterBlaster,1,320,304,320,304,154,1,0.5
0.05,GasterBlaster,1,320,304,320,304,155,1,0.5
0.05,GasterBlaster,1,320,304,320,304,156,1,0.5
0.05,GasterBlaster,1,320,304,320,304,157,1,0.5
0.05,GasterBlaster,1,320,304,320,304,158,1,0.5
0.05,GasterBlaster,1,320,304,320,304,159,1,0.5
0.05,GasterBlaster,1,320,304,320,304,160,1,0.5
0.05,GasterBlaster,1,320,304,320,304,161,1,0.5
0.05,GasterBlaster,1,320,304,320,304,162,1,0.5
0.05,GasterBlaster,1,320,304,320,304,163,1,0.5
0.05,GasterBlaster,1,320,304,320,304,164,1,0.5
0.05,GasterBlaster,1,320,304,320,304,165,1,0.5
0.05,GasterBlaster,1,320,304,320,304,166,1,0.5
0.05,GasterBlaster,1,320,304,320,304,167,1,0.5
0.05,GasterBlaster,1,320,304,320,304,168,1,0.5
0.05,GasterBlaster,1,320,304,320,304,169,1,0.5
0.05,GasterBlaster,1,320,304,320,304,170,1,0.5
0.05,GasterBlaster,1,320,304,320,304,171,1,0.5
0.05,GasterBlaster,1,320,304,320,304,172,1,0.5
0.05,GasterBlaster,1,320,304,320,304,173,1,0.5
0.05,GasterBlaster,1,320,304,320,304,174,1,0.5
0.05,GasterBlaster,1,320,304,320,304,175,1,0.5
0.05,GasterBlaster,1,320,304,320,304,176,1,0.5
0.05,GasterBlaster,1,320,304,320,304,177,1,0.5
0.05,GasterBlaster,1,320,304,320,304,178,1,0.5
0.05,GasterBlaster,1,320,304,320,304,179,1,0.5
0.05,GasterBlaster,1,320,304,320,304,180,1,0.5

0.8,BlackScreen,1,,,,,,,
0,Sound,Flash,,,,,,,
0.4,BlackScreen,0,,,,,,,
0,Sound,Flash,,,,,,,
0,boneh,497,431,110,,,,,,
0,boneh,497,443,110,,,,,,
0,boneh,497,455,110,,,,,,
0,boneh,497,467,110,,,,,,

0,boneh,344,431,110,,,,,,
0,boneh,344,443,110,,,,,,
0,boneh,344,455,110,,,,,,
0,boneh,344,467,110,,,,,,

0,boneh,183,431,110,,,,,,
0,boneh,183,443,110,,,,,,
0,boneh,183,455,110,,,,,,
0,boneh,183,467,110,,,,,,

0,boneh,32,431,110,,,,,,
0,boneh,32,443,110,,,,,,
0,boneh,32,455,110,,,,,,
0,boneh,32,467,110,,,,,,

0,CombatZoneResize,200,200,440,400,TLResume,,
0,HeartTeleport,320,304,,,
0,HeartMode,1,,,,,,
0,TLPause,,,,,,,
0,bonestab,0,60,1,6
0,bonestab,2,60,1,6
1,Platform,138,360,30,0,120,2,
0,GetHeartPos,HeartX,HeartY,,,,,,
0,GasterBlaster,1,$HeartX,0,$HeartX,200,90,0,0
1,Platform,138,340,30,0,120,2,
0,GetHeartPos,HeartX,HeartY,,,,,,
0,GasterBlaster,1,$HeartX,0,$HeartX,200,90,0,0
1,Platform,138,320,30,0,120,2,
0,GetHeartPos,HeartX,HeartY,,,,,,
0,GasterBlaster,1,$HeartX,0,$HeartX,200,90,0,0
1,Platform,138,300,30,0,120,2,
0,GetHeartPos,HeartX,HeartY,,,,,,
0,GasterBlaster,1,$HeartX,0,$HeartX,200,90,0,0
1,Platform,138,280,30,0,120,2,
0,GetHeartPos,HeartX,HeartY,,,,,,
0,GasterBlaster,1,$HeartX,0,$HeartX,200,90,0,0
1,Platform,138,260,30,0,120,2,
0,GetHeartPos,HeartX,HeartY,,,,,,
0,GasterBlaster,1,$HeartX,0,$HeartX,200,90,0,0
1,Platform,138,250,30,0,120,2,
0,GetHeartPos,HeartX,HeartY,,,,,,
0,GasterBlaster,1,$HeartX,0,$HeartX,200,90,0,0
1,bonestab,1,140,2.6,2.3
0,bonestab,3,20,2.6,2.3
2,EndAttack,,,,,
